date,year,actual_up,coin_flip,historical_prior,logistic_raw,logistic_sigmoid,histgb_raw,histgb_sigmoid,selected
2020-01-02,2020,1,0.5,0.536320254507,0.522026879596,0.553421485058,0.539030501691,0.594678083749,0.536320254507
2020-01-03,2020,0,0.5,0.536320254507,0.560354453289,0.594118033461,0.541813352983,0.602485840647,0.536320254507
2020-01-06,2020,1,0.5,0.536320254507,0.557060119526,0.590639418805,0.528260432589,0.564102027056,0.536320254507
2020-01-07,2020,0,0.5,0.536320254507,0.542619459378,0.575346961726,0.532035184949,0.574876620899,0.536320254507
2020-01-08,2020,1,0.5,0.536320254507,0.535258541105,0.567525111977,0.544022754374,0.608653099908,0.536320254507
2020-01-09,2020,1,0.5,0.536320254507,0.559384900519,0.593094640216,0.545550550949,0.612900468258,0.536320254507
2020-01-10,2020,0,0.5,0.536320254507,0.5241863554,0.555726987735,0.55860573519,0.648542293349,0.536320254507
2020-01-13,2020,1,0.5,0.536320254507,0.529778961748,0.561691083181,0.542058437723,0.603171378398,0.536320254507
2020-01-14,2020,0,0.5,0.536320254507,0.51471677579,0.545606597397,0.538254617142,0.592493704363,0.536320254507
2020-01-15,2020,1,0.5,0.536320254507,0.523805913776,0.555320923705,0.517555724461,0.533295827578,0.536320254507
2020-01-16,2020,1,0.5,0.536320254507,0.560028450504,0.593773964238,0.511041165048,0.514432360643,0.536320254507
2020-01-17,2020,1,0.5,0.536320254507,0.532880583503,0.564994507115,0.507568169793,0.50436059089,0.536320254507
2020-01-21,2020,0,0.5,0.536320254507,0.532472331505,0.564559866949,0.524571127373,0.553521431326,0.536320254507
2020-01-22,2020,1,0.5,0.536320254507,0.54383505962,0.576636972739,0.520667941292,0.542283016907,0.536320254507
2020-01-23,2020,1,0.5,0.536320254507,0.525811760304,0.557461360539,0.499824422476,0.481909047658,0.536320254507
2020-01-24,2020,0,0.5,0.536320254507,0.535208416481,0.5674717884,0.533655889626,0.579484734078,0.536320254507
2020-01-27,2020,0,0.5,0.536320254507,0.570523430719,0.604831538886,0.541790150155,0.602420921,0.536320254507
2020-01-28,2020,1,0.5,0.536320254507,0.577568304338,0.6122316047,0.548496981167,0.621049678759,0.536320254507
2020-01-29,2020,0,0.5,0.536320254507,0.564663427939,0.598662268386,0.555385442718,0.639867433489,0.536320254507
2020-01-30,2020,1,0.5,0.536320254507,0.575454234912,0.610012874411,0.54108995629,0.600460386359,0.536320254507
2020-01-31,2020,0,0.5,0.536320254507,0.531939156617,0.56399214955,0.534471480246,0.581799263767,0.536320254507
2020-02-03,2020,1,0.5,0.536320254507,0.557543399988,0.59114997098,0.544284877666,0.609382842968,0.536320254507
2020-02-04,2020,1,0.5,0.536320254507,0.561907025757,0.595756131932,0.541539137636,0.601718410541,0.536320254507
2020-02-05,2020,1,0.5,0.536320254507,0.545684037328,0.57859819138,0.526333981275,0.558582762084,0.536320254507
2020-02-06,2020,1,0.5,0.536320254507,0.503057832879,0.533110128585,0.50948011083,0.509905902489,0.536320254507
2020-02-07,2020,0,0.5,0.536320254507,0.577195067121,0.611840010723,0.529149810753,0.56664562487,0.536320254507
2020-02-10,2020,1,0.5,0.536320254507,0.521710371516,0.553083454626,0.527005548371,0.560508247658,0.536320254507
2020-02-11,2020,1,0.5,0.536320254507,0.566218559406,0.600300680904,0.525480398528,0.556133266101,0.536320254507
2020-02-12,2020,1,0.5,0.536320254507,0.496480495752,0.526043362915,0.507072013575,0.502921441813,0.536320254507
2020-02-13,2020,0,0.5,0.536320254507,0.551551840006,0.584814592369,0.525480398528,0.556133266101,0.536320254507
2020-02-14,2020,1,0.5,0.536320254507,0.559607779024,0.5933299247,0.52745289355,0.561790003306,0.536320254507
2020-02-18,2020,0,0.5,0.536320254507,0.555570420045,0.589065143804,0.505246528898,0.497626539668,0.536320254507
2020-02-19,2020,1,0.5,0.536320254507,0.554471024836,0.587902838793,0.53413388336,0.580841580036,0.536320254507
2020-02-20,2020,0,0.5,0.536320254507,0.511162384501,0.541801033923,0.511260986764,0.515069634336,0.536320254507
2020-02-21,2020,0,0.5,0.536320254507,0.516980641478,0.548028499093,0.557729543032,0.646190129392,0.536320254507
2020-02-24,2020,0,0.5,0.536320254507,0.557251546953,0.590841658295,0.532641250986,0.576601173027,0.536320254507
2020-02-25,2020,0,0.5,0.536320254507,0.587913502891,0.623064668286,0.567495933839,0.67204264637,0.536320254507
2020-02-26,2020,0,0.5,0.536320254507,0.597284568451,0.632842009066,0.544617123424,0.610307199658,0.536320254507
2020-02-27,2020,0,0.5,0.536320254507,0.588259531135,0.623426307759,0.542359407851,0.604012759398,0.536320254507
2020-02-28,2020,0,0.5,0.536320254507,0.58284881693,0.617766219996,0.527283279151,0.561304097052,0.536320254507
2020-03-02,2020,1,0.5,0.536320254507,0.604328484786,0.640168362155,0.532496424555,0.576189214814,0.536320254507
2020-03-03,2020,0,0.5,0.536320254507,0.576291021971,0.61089128703,0.531310007431,0.5728110985,0.536320254507
2020-03-04,2020,1,0.5,0.536320254507,0.602250734889,0.638009379865,0.520302642321,0.541229222347,0.536320254507
2020-03-05,2020,0,0.5,0.536320254507,0.563519274655,0.597456290384,0.556132341524,0.641886688848,0.536320254507
2020-03-06,2020,0,0.5,0.536320254507,0.589937300076,0.62517911254,0.51456840997,0.524652591525,0.536320254507
2020-03-09,2020,0,0.5,0.536320254507,0.622908280717,0.659395227055,0.635874038305,0.8244027246,0.536320254507
2020-03-10,2020,1,0.5,0.536320254507,0.682562413432,0.720083742201,0.547803326508,0.619136301204,0.536320254507
2020-03-11,2020,0,0.5,0.536320254507,0.522744281999,0.554187557383,0.515234792128,0.526581825239,0.536320254507
2020-03-12,2020,0,0.5,0.536320254507,0.586665132691,0.621759593179,0.536928778187,0.588753790679,0.536320254507
2020-03-13,2020,1,0.5,0.536320254507,0.647732504722,0.684851095607,0.527205096056,0.561080086895,0.536320254507
2020-03-16,2020,0,0.5,0.536320254507,0.522326851038,0.553741826215,0.506740598747,0.50196013531,0.536320254507
2020-03-17,2020,1,0.5,0.536320254507,0.722865807152,0.760081740203,0.653670997168,0.854687298724,0.536320254507
2020-03-18,2020,0,0.5,0.536320254507,0.684069955008,0.721595241641,0.531159537077,0.572382240717,0.536320254507
2020-03-19,2020,1,0.5,0.536320254507,0.748313767192,0.784870924962,0.568437230092,0.674489923692,0.536320254507
2020-03-20,2020,0,0.5,0.536320254507,0.61648880207,0.652768545779,0.625282382842,0.804490009348,0.536320254507
2020-03-23,2020,0,0.5,0.536320254507,0.660440696816,0.697773919025,0.591129947595,0.730810992849,0.536320254507
2020-03-24,2020,1,0.5,0.536320254507,0.625864728537,0.662441165625,0.536104525529,0.586424285753,0.536320254507
2020-03-25,2020,1,0.5,0.536320254507,0.535767962221,0.568066998552,0.624543862017,0.803048805281,0.536320254507
2020-03-26,2020,1,0.5,0.536320254507,0.387759041035,0.407814845994,0.490136385259,0.453931889558,0.536320254507
2020-03-27,2020,0,0.5,0.536320254507,0.528689727974,0.56053026091,0.490497534836,0.454970967941,0.536320254507
2020-03-30,2020,1,0.5,0.536320254507,0.557403803216,0.591002505067,0.537293087759,0.589782324155,0.536320254507
2020-03-31,2020,0,0.5,0.536320254507,0.639351515623,0.676287652561,0.636087771273,0.824789982878,0.536320254507
2020-04-01,2020,0,0.5,0.536320254507,0.621609932319,0.65805638938,0.562083561368,0.657816518443,0.536320254507
2020-04-02,2020,1,0.5,0.536320254507,0.608205541629,0.6441922958,0.550149395629,0.625594559065,0.536320254507
2020-04-03,2020,0,0.5,0.536320254507,0.630026830576,0.666722825907,0.515180970762,0.526426030707,0.536320254507
2020-04-06,2020,1,0.5,0.536320254507,0.626439022578,0.663032405017,0.571504200764,0.682406352479,0.536320254507
2020-04-07,2020,0,0.5,0.536320254507,0.501099933404,0.531007790308,0.50535376066,0.497937554595,0.536320254507
2020-04-08,2020,1,0.5,0.536320254507,0.521889526879,0.553274796186,0.629527083945,0.812640157072,0.536320254507
2020-04-09,2020,1,0.5,0.536320254507,0.552071143313,0.585364184233,0.492786310599,0.461564230368,0.536320254507
2020-04-13,2020,0,0.5,0.536320254507,0.519164185564,0.550363024767,0.517569718596,0.533336282118,0.536320254507
2020-04-14,2020,1,0.5,0.536320254507,0.621590362662,0.658036203912,0.563370137361,0.66122154307,0.536320254507
2020-04-15,2020,0,0.5,0.536320254507,0.64697229808,0.684075663418,0.528018473434,0.563409529967,0.536320254507
2020-04-16,2020,1,0.5,0.536320254507,0.587389713606,0.622517160011,0.555405393179,0.639921425864,0.536320254507
2020-04-17,2020,1,0.5,0.536320254507,0.543407856039,0.57618367443,0.513477151633,0.521492062231,0.536320254507
2020-04-20,2020,0,0.5,0.536320254507,0.428725535202,0.452630066015,0.518744565713,0.536731229794,0.536320254507
2020-04-21,2020,0,0.5,0.536320254507,0.465528596517,0.492636572909,0.508412655235,0.506810024528,0.536320254507
2020-04-22,2020,1,0.5,0.536320254507,0.501050541143,0.530954740452,0.641317410353,0.834086226023,0.536320254507
2020-04-23,2020,1,0.5,0.536320254507,0.507932857575,0.538340105399,0.499573681987,0.48118285793,0.536320254507
2020-04-24,2020,1,0.5,0.536320254507,0.450047258095,0.47584187939,0.52952357,0.567713684008,0.536320254507
2020-04-27,2020,1,0.5,0.536320254507,0.522606106408,0.554040019908,0.543699708847,0.607753176253,0.536320254507
2020-04-28,2020,0,0.5,0.536320254507,0.469280416676,0.496698534759,0.521044901596,0.543370121653,0.536320254507
2020-04-29,2020,1,0.5,0.536320254507,0.485948330287,0.514703146237,0.552437670214,0.631856796919,0.536320254507
2020-04-30,2020,0,0.5,0.536320254507,0.531462207622,0.56348422436,0.50100147928,0.48531899041,0.536320254507
2020-05-01,2020,0,0.5,0.536320254507,0.574825327993,0.609352511815,0.524543866642,0.553443087214,0.536320254507
2020-05-04,2020,1,0.5,0.536320254507,0.567547704464,0.60170031585,0.588991672103,0.725737796045,0.536320254507
2020-05-05,2020,1,0.5,0.536320254507,0.546728282568,0.579705322567,0.553494934621,0.634737394269,0.536320254507
2020-05-06,2020,0,0.5,0.536320254507,0.508726455578,0.539190844833,0.530566456086,0.570690994758,0.536320254507
2020-05-07,2020,1,0.5,0.536320254507,0.621456851575,0.657898487173,0.6289508658,0.811547103491,0.536320254507
2020-05-08,2020,1,0.5,0.536320254507,0.519608217273,0.550837584043,0.501699261075,0.48734114839,0.536320254507
2020-05-11,2020,1,0.5,0.536320254507,0.405675470066,0.427445171777,0.491573061744,0.458067534624,0.536320254507
2020-05-12,2020,0,0.5,0.536320254507,0.565470937142,0.599513129912,0.503854760475,0.493590225935,0.536320254507
2020-05-13,2020,0,0.5,0.536320254507,0.524755697699,0.556334591645,0.524232932554,0.552549342228,0.536320254507
2020-05-14,2020,1,0.5,0.536320254507,0.611491661519,0.647598066868,0.581510769641,0.707592812553,0.536320254507
2020-05-15,2020,1,0.5,0.536320254507,0.45475752342,0.480957297129,0.506432033929,0.501065110159,0.536320254507
2020-05-18,2020,1,0.5,0.536320254507,0.554775447819,0.588224723348,0.515259177821,0.526652412152,0.536320254507
2020-05-19,2020,0,0.5,0.536320254507,0.42428938062,0.447789927883,0.498843665202,0.479069056366,0.536320254507
2020-05-20,2020,1,0.5,0.536320254507,0.636750303011,0.673623344196,0.562510869404,0.658949000482,0.536320254507
2020-05-21,2020,0,0.5,0.536320254507,0.552497329383,0.585815158852,0.6136075693,0.780906656681,0.536320254507
2020-05-22,2020,1,0.5,0.536320254507,0.514271997526,0.545130591731,0.481315789472,0.428687974834,0.536320254507
2020-05-26,2020,1,0.5,0.536320254507,0.579579395089,0.614340708786,0.522174482839,0.546625592558,0.536320254507
2020-05-27,2020,1,0.5,0.536320254507,0.458888631294,0.485439794923,0.520187649975,0.540897434929,0.536320254507
2020-05-28,2020,0,0.5,0.536320254507,0.471958289046,0.499595743767,0.503904068738,0.493733211961,0.536320254507
2020-05-29,2020,1,0.5,0.536320254507,0.61342084204,0.64959540379,0.55070385031,0.627115326923,0.536320254507
2020-06-01,2020,1,0.5,0.536320254507,0.580655693568,0.615468838038,0.513879986196,0.522658930548,0.536320254507
2020-06-02,2020,1,0.5,0.536320254507,0.443520063493,0.468745583005,0.509307218818,0.509404503121,0.536320254507
2020-06-03,2020,1,0.5,0.536320254507,0.456757274455,0.483127613006,0.520305716866,0.541238092916,0.536320254507
2020-06-04,2020,0,0.5,0.536320254507,0.431669057399,0.455839697158,0.610229002522,0.773765565785,0.536320254507
2020-06-05,2020,1,0.5,0.536320254507,0.454976838526,0.481195360727,0.486766194393,0.444254332112,0.536320254507
2020-06-08,2020,1,0.5,0.536320254507,0.495373290696,0.524852602731,0.478157793249,0.419725342879,0.536320254507
2020-06-09,2020,0,0.5,0.536320254507,0.480691468838,0.509032159179,0.479752793625,0.424246418512,0.536320254507
2020-06-10,2020,0,0.5,0.536320254507,0.561644929001,0.595479656928,0.525710820208,0.556794730303,0.536320254507
2020-06-11,2020,0,0.5,0.536320254507,0.611679167537,0.647792265305,0.587308773385,0.721709144819,0.536320254507
2020-06-12,2020,1,0.5,0.536320254507,0.545467776381,0.578368861298,0.587312213286,0.721717411468,0.536320254507
2020-06-15,2020,1,0.5,0.536320254507,0.367044209244,0.385071548723,0.501624128935,0.487123395053,0.536320254507
2020-06-16,2020,1,0.5,0.536320254507,0.448670374304,0.474345677275,0.524085863895,0.55212651013,0.536320254507
2020-06-17,2020,0,0.5,0.536320254507,0.417473108053,0.440346312864,0.490262899338,0.454295846567,0.536320254507
2020-06-18,2020,1,0.5,0.536320254507,0.535535812967,0.567820064749,0.550510274491,0.626584628659,0.536320254507
2020-06-19,2020,0,0.5,0.536320254507,0.463795059687,0.490758631847,0.503349499921,0.49212512826,0.536320254507
2020-06-22,2020,1,0.5,0.536320254507,0.43884138155,0.463653682902,0.528435043182,0.564601638244,0.536320254507
2020-06-23,2020,1,0.5,0.536320254507,0.494986239521,0.524436264487,0.524206788225,0.552474180211,0.536320254507
2020-06-24,2020,0,0.5,0.536320254507,0.523382864734,0.554869330555,0.53571233686,0.585314711828,0.536320254507
2020-06-25,2020,1,0.5,0.536320254507,0.555016916358,0.588480019654,0.583906366444,0.713469263182,0.536320254507
2020-06-26,2020,0,0.5,0.536320254507,0.459159251981,0.485733303286,0.504050932793,0.494159101379,0.536320254507
2020-06-29,2020,1,0.5,0.536320254507,0.514615023364,0.545497706191,0.529158494668,0.566670446136,0.536320254507
2020-06-30,2020,1,0.5,0.536320254507,0.425904014989,0.449552002707,0.512685959393,0.519199735298,0.536320254507
2020-07-01,2020,1,0.5,0.536320254507,0.530143382857,0.562079372243,0.553279014818,0.634149773606,0.536320254507
2020-07-02,2020,1,0.5,0.536320254507,0.551947591088,0.585233434135,0.544133803146,0.60896230743,0.536320254507
2020-07-06,2020,1,0.5,0.536320254507,0.493084401426,0.522389933636,0.515773304359,0.528140401735,0.536320254507
2020-07-07,2020,0,0.5,0.536320254507,0.414559761582,0.437162487796,0.508935535322,0.508326552985,0.536320254507
2020-07-08,2020,1,0.5,0.536320254507,0.503686530039,0.533784978727,0.535494210974,0.584697272249,0.536320254507
2020-07-09,2020,0,0.5,0.536320254507,0.513246680322,0.544033066219,0.633160929504,0.819436826324,0.536320254507
2020-07-10,2020,1,0.5,0.536320254507,0.541874019486,0.574555649497,0.543066035567,0.605986095932,0.536320254507
2020-07-13,2020,0,0.5,0.536320254507,0.402885648706,0.424391337196,0.518589485736,0.536283250918,0.536320254507
2020-07-14,2020,1,0.5,0.536320254507,0.439023129127,0.463851562628,0.519164242454,0.537943301433,0.536320254507
2020-07-15,2020,1,0.5,0.536320254507,0.498329492437,0.52803115014,0.537301309039,0.589805527076,0.536320254507
2020-07-16,2020,0,0.5,0.536320254507,0.494409756778,0.523816085986,0.518291502315,0.53542233267,0.536320254507
2020-07-17,2020,1,0.5,0.536320254507,0.490515634681,0.51962447005,0.511619239255,0.516108146716,0.536320254507
2020-07-20,2020,1,0.5,0.536320254507,0.576091238529,0.610681589103,0.537809600268,0.591239409096,0.536320254507
2020-07-21,2020,1,0.5,0.536320254507,0.536907820121,0.569279197008,0.524206788225,0.552474180211,0.536320254507
2020-07-22,2020,1,0.5,0.536320254507,0.32770275113,0.341789173541,0.506243917822,0.500519462637,0.536320254507
2020-07-23,2020,0,0.5,0.536320254507,0.504458253568,0.534613202924,0.528495954559,0.564775897103,0.536320254507
2020-07-24,2020,0,0.5,0.536320254507,0.406195000837,0.428013743409,0.497224081072,0.474382186518,0.536320254507
2020-07-27,2020,1,0.5,0.536320254507,0.495649695372,0.525149897377,0.550747639384,0.627235340394,0.536320254507
2020-07-28,2020,0,0.5,0.536320254507,0.565494616549,0.599538077057,0.546147565824,0.614556232415,0.536320254507
2020-07-29,2020,1,0.5,0.536320254507,0.49060535928,0.519721094585,0.543219734048,0.606414924836,0.536320254507
2020-07-30,2020,0,0.5,0.536320254507,0.487832806812,0.516734351317,0.53799265147,0.591755469309,0.536320254507
2020-07-31,2020,1,0.5,0.536320254507,0.586846012414,0.621948726232,0.57659089441,0.695335789725,0.536320254507
2020-08-03,2020,1,0.5,0.536320254507,0.515498909097,0.546443501714,0.53121221051,0.572532376615,0.536320254507
2020-08-04,2020,1,0.5,0.536320254507,0.531026854578,0.563020533803,0.531822589091,0.574271312244,0.536320254507
2020-08-05,2020,1,0.5,0.536320254507,0.476088334191,0.504060691003,0.51024411758,0.512121405447,0.536320254507
2020-08-06,2020,1,0.5,0.536320254507,0.451280328387,0.477181467755,0.482769039718,0.432827078011,0.536320254507
2020-08-07,2020,1,0.5,0.536320254507,0.569056488895,0.603288343688,0.590676326906,0.72973904127,0.536320254507
2020-08-10,2020,1,0.5,0.536320254507,0.463102203826,0.490007868253,0.523817769007,0.551355556948,0.536320254507
2020-08-11,2020,0,0.5,0.536320254507,0.494014044996,0.523390328582,0.498787703367,0.478907045449,0.536320254507
2020-08-12,2020,1,0.5,0.536320254507,0.498399417164,0.528106305253,0.471324745686,0.400502459015,0.536320254507
2020-08-13,2020,0,0.5,0.536320254507,0.619580006446,0.655961714901,0.489233568667,0.451336001129,0.536320254507
2020-08-14,2020,0,0.5,0.536320254507,0.538321879545,0.570782415262,0.509539970549,0.510079496947,0.536320254507
2020-08-17,2020,1,0.5,0.536320254507,0.458911595804,0.485464702282,0.481648067253,0.429633577441,0.536320254507
2020-08-18,2020,1,0.5,0.536320254507,0.566974009329,0.601096273467,0.52968664406,0.56817951949,0.536320254507
2020-08-19,2020,0,0.5,0.536320254507,0.524526473535,0.55608997488,0.523511763252,0.550475331255,0.536320254507
2020-08-20,2020,1,0.5,0.536320254507,0.502225723383,0.532216763179,0.561704349085,0.656810199246,0.536320254507
2020-08-21,2020,1,0.5,0.536320254507,0.522066448879,0.553463742882,0.538678498046,0.59368746715,0.536320254507
2020-08-24,2020,1,0.5,0.536320254507,0.476477006523,0.504480666674,0.530886201773,0.571602967078,0.536320254507
2020-08-25,2020,1,0.5,0.536320254507,0.45358640771,0.479685890974,0.510945433797,0.514154820247,0.536320254507
2020-08-26,2020,1,0.5,0.536320254507,0.554400987394,0.587828779507,0.519624684702,0.539272681779,0.536320254507
2020-08-27,2020,1,0.5,0.536320254507,0.579168256632,0.613909656272,0.513313343719,0.521017515807,0.536320254507
2020-08-28,2020,1,0.5,0.536320254507,0.51087740514,0.541495756606,0.504006964674,0.4940315976,0.536320254507
2020-08-31,2020,0,0.5,0.536320254507,0.537607605371,0.570023185891,0.52850880096,0.564812647112,0.536320254507
2020-09-01,2020,1,0.5,0.536320254507,0.559222394048,0.592923077229,0.563193891805,0.660755938865,0.536320254507
2020-09-02,2020,1,0.5,0.536320254507,0.532092419874,0.564155351427,0.520403984721,0.541521600425,0.536320254507
2020-09-03,2020,0,0.5,0.536320254507,0.540692359344,0.573300898377,0.519624684702,0.539272681779,0.536320254507
2020-09-04,2020,0,0.5,0.536320254507,0.458708903668,0.485244857891,0.526143801268,0.558037214054,0.536320254507
2020-09-08,2020,0,0.5,0.536320254507,0.502388956477,0.532392027979,0.525127217513,0.555119075397,0.536320254507
2020-09-09,2020,1,0.5,0.536320254507,0.583510530708,0.618459032498,0.549546143511,0.623937516756,0.536320254507
2020-09-10,2020,0,0.5,0.536320254507,0.607210145144,0.643159777238,0.549606652169,0.624103838406,0.536320254507
2020-09-11,2020,0,0.5,0.536320254507,0.533725266172,0.565893619051,0.555457045448,0.640061199336,0.536320254507
2020-09-14,2020,1,0.5,0.536320254507,0.498136897613,0.527824142245,0.538471258716,0.593103943172,0.536320254507
2020-09-15,2020,1,0.5,0.536320254507,0.544811084983,0.577672388922,0.54960341237,0.62409493373,0.536320254507
2020-09-16,2020,0,0.5,0.536320254507,0.528107063303,0.559909148842,0.51053352507,0.512960559023,0.536320254507
2020-09-17,2020,0,0.5,0.536320254507,0.471481193139,0.499079695399,0.532192612081,0.575324728458,0.536320254507
2020-09-18,2020,0,0.5,0.536320254507,0.502750118161,0.532779783964,0.52804180956,0.563476328094,0.536320254507
2020-09-21,2020,0,0.5,0.536320254507,0.478234883605,0.5063796571,0.543334290605,0.60673445353,0.536320254507
2020-09-22,2020,1,0.5,0.536320254507,0.574197658763,0.608693302829,0.533317280754,0.578522927629,0.536320254507
2020-09-23,2020,0,0.5,0.536320254507,0.560322281985,0.594084080951,0.536499220383,0.58754019238,0.536320254507
2020-09-24,2020,1,0.5,0.536320254507,0.498960110467,0.528708890012,0.550022822711,0.625247091554,0.536320254507
2020-09-25,2020,1,0.5,0.536320254507,0.482232765217,0.510695603836,0.533271197524,0.578391990376,0.536320254507
2020-09-28,2020,1,0.5,0.536320254507,0.597980558773,0.633566792152,0.63612440138,0.824856294394,0.536320254507
2020-09-29,2020,0,0.5,0.536320254507,0.507528586537,0.537906656205,0.515652979425,0.527792191535,0.536320254507
2020-09-30,2020,1,0.5,0.536320254507,0.594116269263,0.629540209581,0.559263725258,0.650304606712,0.536320254507
2020-10-01,2020,1,0.5,0.536320254507,0.515605019847,0.546557029211,0.525103997938,0.555052384679,0.536320254507
2020-10-02,2020,0,0.5,0.536320254507,0.535387196946,0.56766197494,0.511318900808,0.515237523949,0.536320254507
2020-10-05,2020,1,0.5,0.536320254507,0.463934978058,0.490910231055,0.555706735488,0.640736582831,0.536320254507
2020-10-06,2020,0,0.5,0.536320254507,0.540313077426,0.572898059002,0.546005328029,0.614161955133,0.536320254507
2020-10-07,2020,1,0.5,0.536320254507,0.565444725832,0.599485515078,0.51921165112,0.538080199723,0.536320254507
2020-10-08,2020,1,0.5,0.536320254507,0.526584680857,0.558285811724,0.52347418388,0.55036721578,0.536320254507
2020-10-09,2020,1,0.5,0.536320254507,0.524037518902,0.555568132523,0.518046670338,0.534714846743,0.536320254507
2020-10-12,2020,1,0.5,0.536320254507,0.55540248525,0.588887626465,0.515799988712,0.528217621016,0.536320254507
2020-10-13,2020,0,0.5,0.536320254507,0.533522373602,0.56567767334,0.546722302626,0.616148056631,0.536320254507
2020-10-14,2020,0,0.5,0.536320254507,0.562931705306,0.59683679017,0.516822181974,0.531174797087,0.536320254507
2020-10-15,2020,0,0.5,0.536320254507,0.528409630963,0.560231694812,0.534536191228,0.581982773772,0.536320254507
2020-10-16,2020,0,0.5,0.536320254507,0.470762385005,0.498302097557,0.512444128,0.518498946973,0.536320254507
2020-10-19,2020,0,0.5,0.536320254507,0.544090262375,0.576907735065,0.534464420398,0.581779241994,0.536320254507
2020-10-20,2020,1,0.5,0.536320254507,0.543378513273,0.57615253711,0.506282908317,0.500632557758,0.536320254507
2020-10-21,2020,0,0.5,0.536320254507,0.530635815055,0.562603990138,0.523226950589,0.549655828939,0.536320254507
2020-10-22,2020,1,0.5,0.536320254507,0.540565216591,0.573165863954,0.520387482889,0.541473993397,0.536320254507
2020-10-23,2020,1,0.5,0.536320254507,0.56283347634,0.596733211068,0.520366032912,0.541412110261,0.536320254507
2020-10-26,2020,0,0.5,0.536320254507,0.567488822831,0.601638324974,0.538642179391,0.593585221026,0.536320254507
2020-10-27,2020,0,0.5,0.536320254507,0.600743643301,0.636442274539,0.584259136557,0.714329431855,0.536320254507
2020-10-28,2020,0,0.5,0.536320254507,0.625904966374,0.662482595395,0.540766263527,0.599553111341,0.536320254507
2020-10-29,2020,1,0.5,0.536320254507,0.505613714062,0.535852944551,0.540229649772,0.598047752455,0.536320254507
2020-10-30,2020,0,0.5,0.536320254507,0.521428581217,0.552782477128,0.52702732672,0.560570664005,0.536320254507
2020-11-02,2020,1,0.5,0.536320254507,0.491291368839,0.520459788775,0.510029570714,0.511499283054,0.536320254507
2020-11-03,2020,1,0.5,0.536320254507,0.509493423208,0.54001286432,0.514678195793,0.524970472611,0.536320254507
2020-11-04,2020,1,0.5,0.536320254507,0.564803670522,0.598810056852,0.552088088447,0.63090253613,0.536320254507
2020-11-05,2020,1,0.5,0.536320254507,0.582113514845,0.616996165546,0.528680368183,0.565303395552,0.536320254507
2020-11-06,2020,1,0.5,0.536320254507,0.454027123778,0.48016438318,0.503981835299,0.493958724992,0.536320254507
2020-11-09,2020,1,0.5,0.536320254507,0.452400672179,0.478398312934,0.533488547567,0.579009468911,0.536320254507
2020-11-10,2020,0,0.5,0.536320254507,0.258666229311,0.265848422153,0.489288630997,0.451494254306,0.536320254507
2020-11-11,2020,1,0.5,0.536320254507,0.460459522578,0.48714331636,0.582873979171,0.710944292767,0.536320254507
2020-11-12,2020,0,0.5,0.536320254507,0.554648870555,0.588090889553,0.528058061617,0.563522847385,0.536320254507
2020-11-13,2020,1,0.5,0.536320254507,0.575734859983,0.610307488022,0.552974787176,0.633321240325,0.536320254507
2020-11-16,2020,1,0.5,0.536320254507,0.450418208586,0.476244907906,0.48450046103,0.43776959838,0.536320254507
2020-11-17,2020,0,0.5,0.536320254507,0.408704259605,0.430759300419,0.492045093566,0.459427534174,0.536320254507
2020-11-18,2020,0,0.5,0.536320254507,0.563182543114,0.597101274535,0.575451861101,0.69246282706,0.536320254507
2020-11-19,2020,1,0.5,0.536320254507,0.547882668252,0.580928801276,0.517531277144,0.5332251539,0.536320254507
2020-11-20,2020,0,0.5,0.536320254507,0.555185357631,0.588658094832,0.528649999152,0.565216536295,0.536320254507
2020-11-23,2020,1,0.5,0.536320254507,0.469905642793,0.497375123713,0.551262405399,0.628645151838,0.536320254507
2020-11-24,2020,1,0.5,0.536320254507,0.442343219763,0.467465209396,0.519826924488,0.539856439615,0.536320254507
2020-11-25,2020,1,0.5,0.536320254507,0.448164386568,0.473795742268,0.462404480885,0.375824105375,0.536320254507
2020-11-27,2020,1,0.5,0.536320254507,0.551149570127,0.584388796655,0.579204369652,0.701877957449,0.536320254507
2020-11-30,2020,0,0.5,0.536320254507,0.528562875485,0.560395047039,0.534463463714,0.581776528815,0.536320254507
2020-12-01,2020,1,0.5,0.536320254507,0.500136466487,0.529972854622,0.555506863768,0.640195990629,0.536320254507
2020-12-02,2020,1,0.5,0.536320254507,0.448685578546,0.47436220125,0.505541093804,0.498480902643,0.536320254507
2020-12-03,2020,1,0.5,0.536320254507,0.435047172439,0.459521242329,0.461603199845,0.373633509286,0.536320254507
2020-12-04,2020,1,0.5,0.536320254507,0.483683101442,0.512260330409,0.493100745288,0.462471050146,0.536320254507
2020-12-07,2020,1,0.5,0.536320254507,0.510364895634,0.540946683755,0.482055855207,0.430794706797,0.536320254507
2020-12-08,2020,1,0.5,0.536320254507,0.548403022902,0.581480153852,0.548247740141,0.620362542621,0.536320254507
2020-12-09,2020,0,0.5,0.536320254507,0.522121437403,0.55352246682,0.527421793691,0.561700916848,0.536320254507
2020-12-10,2020,1,0.5,0.536320254507,0.480356102812,0.508670136059,0.56857485986,0.674847062169,0.536320254507
2020-12-11,2020,0,0.5,0.536320254507,0.50282557249,0.532860789796,0.536611542177,0.587857615481,0.536320254507
2020-12-14,2020,0,0.5,0.536320254507,0.533572570249,0.565731100622,0.581358458903,0.707217131856,0.536320254507
2020-12-15,2020,1,0.5,0.536320254507,0.521840277166,0.553222197468,0.541497548235,0.601601979157,0.536320254507
2020-12-16,2020,1,0.5,0.536320254507,0.482367538135,0.510841029022,0.532310372332,0.575659857485,0.536320254507
2020-12-17,2020,1,0.5,0.536320254507,0.481266022921,0.509652316899,0.530258544216,0.569812388387,0.536320254507
2020-12-18,2020,0,0.5,0.536320254507,0.526856569615,0.558575783275,0.518766738221,0.536795275446,0.536320254507
2020-12-21,2020,0,0.5,0.536320254507,0.524061316606,0.555593532591,0.544311539631,0.609457045509,0.536320254507
2020-12-22,2020,1,0.5,0.536320254507,0.479726752226,0.50799068447,0.540232267106,0.598055098719,0.536320254507
2020-12-23,2020,1,0.5,0.536320254507,0.537170438517,0.569558422907,0.53805441341,0.59192955027,0.536320254507
2020-12-24,2020,1,0.5,0.536320254507,0.402713396841,0.424202747824,0.505462357824,0.498252532812,0.536320254507
2020-12-28,2020,1,0.5,0.536320254507,0.507830047497,0.538229879468,0.528695073279,0.565345452758,0.536320254507
2020-12-29,2020,0,0.5,0.536320254507,0.507141727247,0.53749183167,0.533953890554,0.580330769171,0.536320254507
2020-12-30,2020,1,0.5,0.536320254507,0.48261646285,0.511109616305,0.526493620728,0.559040609664,0.536320254507
2020-12-31,2020,1,0.5,0.536320254507,0.523575657414,0.55507513821,0.531547143404,0.573486773852,0.536320254507
2021-01-04,2021,0,0.5,0.537899191997,0.520300017566,0.592913604253,0.510879242369,0.589072385736,0.589072385736
2021-01-05,2021,1,0.5,0.537899191997,0.569459396015,0.575015895622,0.587059280204,0.587931488957,0.587931488957
2021-01-06,2021,1,0.5,0.537899191997,0.578894878737,0.571509945751,0.627723065781,0.587299608573,0.587299608573
2021-01-07,2021,1,0.5,0.537899191997,0.412658581727,0.631178776947,0.497933039892,0.589263954207,0.589263954207
2021-01-08,2021,1,0.5,0.537899191997,0.58497612897,0.56923526491,0.522140367399,0.588905563122,0.588905563122
2021-01-11,2021,0,0.5,0.537899191997,0.573469734481,0.573529115473,0.536490103747,0.588692449495,0.588692449495
2021-01-12,2021,1,0.5,0.537899191997,0.453172526567,0.616792710824,0.484263624747,0.589466244597,0.589466244597
2021-01-13,2021,1,0.5,0.537899191997,0.418124518141,0.629230822251,0.503472545448,0.589181997896,0.589181997896
2021-01-14,2021,0,0.5,0.537899191997,0.499615497609,0.600311953111,0.476391949915,0.589582860653,0.589582860653
2021-01-15,2021,0,0.5,0.537899191997,0.498363944893,0.600757935808,0.499429155153,0.589241819951,0.589241819951
2021-01-19,2021,1,0.5,0.537899191997,0.542808746417,0.584785247811,0.509965327259,0.589085914148,0.589085914148
2021-01-20,2021,1,0.5,0.537899191997,0.499289914615,0.600427988147,0.521704883181,0.588912019882,0.588912019882
2021-01-21,2021,0,0.5,0.537899191997,0.510480123522,0.596432965308,0.504696935697,0.589163881526,0.589163881526
2021-01-22,2021,0,0.5,0.537899191997,0.471605748322,0.610262749142,0.520803475565,0.588925383072,0.588925383072
2021-01-25,2021,1,0.5,0.537899191997,0.526785541091,0.590581062914,0.596767175629,0.587782686362,0.587782686362
2021-01-26,2021,0,0.5,0.537899191997,0.462990066532,0.613315419901,0.503736577892,0.589178091289,0.589178091289
2021-01-27,2021,0,0.5,0.537899191997,0.500876028075,0.599862604806,0.496627253253,0.589283272787,0.589283272787
2021-01-28,2021,1,0.5,0.537899191997,0.517497645678,0.59391939314,0.508430603555,0.589108629729,0.589108629729
2021-01-29,2021,0,0.5,0.537899191997,0.514432139118,0.595018271325,0.532847112371,0.588746627111,0.588746627111
2021-02-01,2021,1,0.5,0.537899191997,0.549715527696,0.582270391763,0.5112732903,0.589066552394,0.589066552394
2021-02-02,2021,1,0.5,0.537899191997,0.585926187975,0.568878772933,0.546368669988,0.588545218469,0.588545218469
2021-02-03,2021,1,0.5,0.537899191997,0.51604101564,0.594441716464,0.531698017791,0.58876370462,0.58876370462
2021-02-04,2021,1,0.5,0.537899191997,0.537963313064,0.586543289748,0.606298740433,0.587635436494,0.587635436494
2021-02-05,2021,1,0.5,0.537899191997,0.510607681301,0.596387336912,0.516906123529,0.588983137045,0.588983137045
2021-02-08,2021,1,0.5,0.537899191997,0.476985477537,0.608355382899,0.484752694703,0.589459003282,0.589459003282
2021-02-09,2021,1,0.5,0.537899191997,0.508641135829,0.597090548303,0.475316847269,0.589598799325,0.589598799325
2021-02-10,2021,0,0.5,0.537899191997,0.511137409347,0.596197825938,0.522187995388,0.588904856928,0.588904856928
2021-02-11,2021,1,0.5,0.537899191997,0.520441316714,0.592862858779,0.564585143516,0.588272156891,0.588272156891
2021-02-12,2021,1,0.5,0.537899191997,0.54742551204,0.5831054246,0.52570682161,0.588852663827,0.588852663827
2021-02-16,2021,0,0.5,0.537899191997,0.47957170086,0.607437964655,0.489381402108,0.589390486822,0.589390486822
2021-02-17,2021,0,0.5,0.537899191997,0.470228207573,0.610750970425,0.568675317777,0.588210505245,0.588210505245
2021-02-18,2021,0,0.5,0.537899191997,0.553728374177,0.580804131442,0.533698193623,0.588733975122,0.588733975122
2021-02-19,2021,1,0.5,0.537899191997,0.559107740923,0.578832259009,0.565736452621,0.588254817134,0.588254817134
2021-02-22,2021,0,0.5,0.537899191997,0.538676708755,0.586284760934,0.525484925963,0.588855956225,0.588855956225
2021-02-23,2021,0,0.5,0.537899191997,0.463481072117,0.613141492712,0.499230695996,0.589244756056,0.589244756056
2021-02-24,2021,1,0.5,0.537899191997,0.549732662165,0.582264139203,0.465519822139,0.589744208994,0.589744208994
2021-02-25,2021,0,0.5,0.537899191997,0.547122734345,0.583215738548,0.609043280229,0.587592807186,0.587592807186
2021-02-26,2021,0,0.5,0.537899191997,0.520023916501,0.593012752738,0.436195446332,0.590182177696,0.590182177696
2021-03-01,2021,1,0.5,0.537899191997,0.612859141973,0.558632282118,0.562911448708,0.588297345209,0.588297345209
2021-03-02,2021,0,0.5,0.537899191997,0.512007390966,0.595886506875,0.622241654809,0.587386228959,0.587386228959
2021-03-03,2021,0,0.5,0.537899191997,0.432510535463,0.62411697883,0.444547592723,0.590056907603,0.590056907603
2021-03-04,2021,0,0.5,0.537899191997,0.464018527866,0.612951107305,0.459940414008,0.589827182192,0.589827182192
2021-03-05,2021,1,0.5,0.537899191997,0.48441984496,0.605717137792,0.412386936864,0.59054245426,0.59054245426
2021-03-08,2021,0,0.5,0.537899191997,0.488161575272,0.60438796009,0.451780958839,0.589948789946,0.589948789946
2021-03-09,2021,1,0.5,0.537899191997,0.476501343781,0.608527083339,0.485303589159,0.589450847047,0.589450847047
2021-03-10,2021,1,0.5,0.537899191997,0.617098974716,0.556992101836,0.541573429882,0.588616749831,0.588616749831
2021-03-11,2021,1,0.5,0.537899191997,0.416349273825,0.62986313936,0.588020512456,0.58791680416,0.58791680416
2021-03-12,2021,1,0.5,0.537899191997,0.508484693986,0.59714646841,0.516490218472,0.588989298179,0.588989298179
2021-03-15,2021,1,0.5,0.537899191997,0.368342706795,0.647137031176,0.423327428755,0.590376248326,0.590376248326
2021-03-16,2021,0,0.5,0.537899191997,0.429677021727,0.625122962248,0.46754262347,0.589714158775,0.589714158775
2021-03-17,2021,1,0.5,0.537899191997,0.416934414784,0.629654684918,0.480791100515,0.58951767235,0.58951767235
2021-03-18,2021,0,0.5,0.537899191997,0.384221315127,0.641378156648,0.497704328026,0.589267337888,0.589267337888
2021-03-19,2021,1,0.5,0.537899191997,0.407212089887,0.633123180526,0.443096477696,0.590078637305,0.590078637305
2021-03-22,2021,1,0.5,0.537899191997,0.499820055962,0.600239044542,0.517705243862,0.588971297977,0.588971297977
2021-03-23,2021,0,0.5,0.537899191997,0.551770993159,0.581519829497,0.450239124094,0.589971809482,0.589971809482
2021-03-24,2021,0,0.5,0.537899191997,0.446974953068,0.618988181746,0.482370270812,0.589494282123,0.589494282123
2021-03-25,2021,1,0.5,0.537899191997,0.473331132496,0.609651150536,0.597023626492,0.587778740044,0.587778740044
2021-03-26,2021,1,0.5,0.537899191997,0.362111910475,0.649412764127,0.4783688701,0.58955356017,0.58955356017
2021-03-29,2021,0,0.5,0.537899191997,0.461204801735,0.613947780808,0.436061329801,0.59018419339,0.59018419339
2021-03-30,2021,0,0.5,0.537899191997,0.570460187421,0.574645315491,0.608652713567,0.58759888018,0.58759888018
2021-03-31,2021,1,0.5,0.537899191997,0.536041198235,0.587239333679,0.593262287095,0.587836538658,0.587836538658
2021-04-01,2021,1,0.5,0.537899191997,0.477734537229,0.608089702441,0.531054516636,0.588773265859,0.588773265859
2021-04-05,2021,1,0.5,0.537899191997,0.436004680734,0.622877129134,0.492788156011,0.589340073997,0.589340073997
2021-04-06,2021,0,0.5,0.537899191997,0.54889335966,0.58257032872,0.587554009492,0.587923932244,0.587923932244
2021-04-07,2021,0,0.5,0.537899191997,0.444141591608,0.61999217947,0.520606550677,0.588928302157,0.588928302157
2021-04-08,2021,1,0.5,0.537899191997,0.437162313599,0.622466506931,0.480882442002,0.589516319286,0.589516319286
2021-04-09,2021,1,0.5,0.537899191997,0.527034453655,0.590491398839,0.507683954614,0.589119679932,0.589119679932
2021-04-12,2021,0,0.5,0.537899191997,0.485515310648,0.605328098058,0.452125658188,0.589943645449,0.589943645449
2021-04-13,2021,1,0.5,0.537899191997,0.484158157452,0.605810060471,0.45734734488,0.589865792403,0.589865792403
2021-04-14,2021,0,0.5,0.537899191997,0.5608665942,0.578185898461,0.589160548609,0.587899374252,0.587899374252
2021-04-15,2021,1,0.5,0.537899191997,0.443616439546,0.620178293282,0.529760077144,0.588792494023,0.588792494023
2021-04-16,2021,1,0.5,0.537899191997,0.545916905833,0.583654861873,0.479861752122,0.589531440035,0.589531440035
2021-04-19,2021,0,0.5,0.537899191997,0.495616168088,0.601736534738,0.459705396374,0.589830680234,0.589830680234
2021-04-20,2021,0,0.5,0.537899191997,0.505062926985,0.598368814948,0.487577576623,0.589417184516,0.589417184516
2021-04-21,2021,1,0.5,0.537899191997,0.544137819922,0.58430214786,0.521322419746,0.588917690094,0.588917690094
2021-04-22,2021,0,0.5,0.537899191997,0.502203095212,0.599389351803,0.487393688834,0.589419906392,0.589419906392
2021-04-23,2021,1,0.5,0.537899191997,0.519237352683,0.593295144064,0.52641363002,0.588842175427,0.588842175427
2021-04-26,2021,1,0.5,0.537899191997,0.493761225171,0.602396748712,0.499762292165,0.589236891346,0.589236891346
2021-04-27,2021,0,0.5,0.537899191997,0.556593100689,0.579754952369,0.512735333437,0.58904490675,0.58904490675
2021-04-28,2021,0,0.5,0.537899191997,0.449813923594,0.617982400438,0.45814618354,0.589853894425,0.589853894425
2021-04-29,2021,1,0.5,0.537899191997,0.542761766972,0.584802317124,0.532110628181,0.588757573133,0.588757573133
2021-04-30,2021,0,0.5,0.537899191997,0.459320381524,0.614615229269,0.469324934416,0.589687693829,0.589687693829
2021-05-03,2021,1,0.5,0.537899191997,0.508798067628,0.597034449918,0.512905708287,0.589042384114,0.589042384114
2021-05-04,2021,0,0.5,0.537899191997,0.486653593934,0.604923763148,0.499307980884,0.589243612665,0.589243612665
2021-05-05,2021,0,0.5,0.537899191997,0.466451544593,0.612089181644,0.470900600663,0.589664306547,0.589664306547
2021-05-06,2021,1,0.5,0.537899191997,0.545881993186,0.583667570997,0.45388018703,0.589917470035,0.589917470035
2021-05-07,2021,1,0.5,0.537899191997,0.528025105508,0.590134435064,0.448528584949,0.589997364029,0.589997364029
2021-05-10,2021,0,0.5,0.537899191997,0.539232838953,0.586083151084,0.539478828675,0.588647957336,0.588647957336
2021-05-11,2021,0,0.5,0.537899191997,0.508614541499,0.597100054662,0.445319379064,0.590045356148,0.590045356148
2021-05-12,2021,0,0.5,0.537899191997,0.582986467601,0.569980851399,0.537325804349,0.588680012911,0.588680012911
2021-05-13,2021,1,0.5,0.537899191997,0.508633604489,0.597093240451,0.449269903782,0.589986286981,0.589986286981
2021-05-14,2021,1,0.5,0.537899191997,0.481466979846,0.606765414362,0.474417808437,0.589612130259,0.589612130259
2021-05-17,2021,0,0.5,0.537899191997,0.542847499097,0.584771167215,0.636639763435,0.58715756492,0.58715756492
2021-05-18,2021,0,0.5,0.537899191997,0.456915192313,0.615467104975,0.481789594685,0.58950288235,0.58950288235
2021-05-19,2021,0,0.5,0.537899191997,0.597730346715,0.56442261653,0.629607403163,0.587269711141,0.587269711141
2021-05-20,2021,1,0.5,0.537899191997,0.510925387074,0.596273681711,0.494597850748,0.589313297869,0.589313297869
2021-05-21,2021,0,0.5,0.537899191997,0.505141032942,0.598340929313,0.473555941301,0.589624912197,0.589624912197
2021-05-24,2021,1,0.5,0.537899191997,0.428048544997,0.62570136842,0.453213984545,0.589927406969,0.589927406969
2021-05-25,2021,0,0.5,0.537899191997,0.509244290951,0.596874921246,0.448061345246,0.590004347396,0.590004347396
2021-05-26,2021,1,0.5,0.537899191997,0.522241512231,0.592216066746,0.493071833669,0.589335876589,0.589335876589
2021-05-27,2021,1,0.5,0.537899191997,0.452060896335,0.617186457259,0.464067456074,0.589765794895,0.589765794895
2021-05-28,2021,1,0.5,0.537899191997,0.45348466762,0.616682150838,0.467555840493,0.589713962477,0.589713962477
2021-06-01,2021,1,0.5,0.537899191997,0.514035750157,0.59516026366,0.46601107007,0.589736909691,0.589736909691
2021-06-02,2021,1,0.5,0.537899191997,0.506511178249,0.59785163657,0.523574244004,0.588884299778,0.588884299778
2021-06-03,2021,0,0.5,0.537899191997,0.504077221382,0.598720672776,0.455043862999,0.589900118604,0.589900118604
2021-06-04,2021,1,0.5,0.537899191997,0.530637546395,0.589192244581,0.513517897189,0.589033319399,0.589033319399
2021-06-07,2021,1,0.5,0.537899191997,0.583149695699,0.56991973525,0.54391140524,0.588581889531,0.588581889531
2021-06-08,2021,1,0.5,0.537899191997,0.55147338015,0.581628567036,0.558383159076,0.588365385228,0.588365385228
2021-06-09,2021,0,0.5,0.537899191997,0.54772983382,0.582994526808,0.552688699427,0.588450737377,0.588450737377
2021-06-10,2021,1,0.5,0.537899191997,0.570112743284,0.574774003107,0.564099024077,0.588279475063,0.588279475063
2021-06-11,2021,1,0.5,0.537899191997,0.578525735148,0.571647631882,0.515584793461,0.589002709709,0.589002709709
2021-06-14,2021,1,0.5,0.537899191997,0.477311550531,0.608239733041,0.524712835067,0.588867410979,0.588867410979
2021-06-15,2021,0,0.5,0.537899191997,0.527758701365,0.590230446112,0.515566540409,0.589002980064,0.589002980064
2021-06-16,2021,0,0.5,0.537899191997,0.484227299031,0.605785509417,0.54069560538,0.588629831243,0.588629831243
2021-06-17,2021,1,0.5,0.537899191997,0.558224389633,0.579156573234,0.522428359067,0.588901292888,0.588901292888
2021-06-18,2021,0,0.5,0.537899191997,0.624822465448,0.553983093283,0.594857946754,0.587812040197,0.587812040197
2021-06-21,2021,1,0.5,0.537899191997,0.575879464043,0.572633385614,0.594249595428,0.58782138398,0.58782138398
2021-06-22,2021,1,0.5,0.537899191997,0.489122322559,0.604046505266,0.503165508167,0.589186540749,0.589186540749
2021-06-23,2021,0,0.5,0.537899191997,0.516470037989,0.59428790888,0.547017306929,0.588535532801,0.588535532801
2021-06-24,2021,1,0.5,0.537899191997,0.557730084676,0.579337963781,0.604746915864,0.587659493218,0.587659493218
2021-06-25,2021,1,0.5,0.537899191997,0.58112251603,0.570678124673,0.517676555919,0.588971723017,0.588971723017
2021-06-28,2021,1,0.5,0.537899191997,0.544771997275,0.584071495806,0.525243317,0.588859540942,0.588859540942
2021-06-29,2021,1,0.5,0.537899191997,0.585295241078,0.569115558591,0.49158392733,0.589357892901,0.589357892901
2021-06-30,2021,1,0.5,0.537899191997,0.539269375348,0.586069903565,0.510168837651,0.589082901745,0.589082901745
2021-07-01,2021,1,0.5,0.537899191997,0.524708061056,0.591329001274,0.526241585385,0.588844728565,0.588844728565
2021-07-02,2021,1,0.5,0.537899191997,0.559538551522,0.578674016471,0.470185194492,0.589674924125,0.589674924125
2021-07-06,2021,0,0.5,0.537899191997,0.564895125876,0.576702299198,0.484205376457,0.589467107065,0.589467107065
2021-07-07,2021,1,0.5,0.537899191997,0.615549666439,0.557592382867,0.556216352889,0.588397889191,0.588397889191
2021-07-08,2021,0,0.5,0.537899191997,0.510023547013,0.596596268594,0.535459646072,0.588707780032,0.588707780032
2021-07-09,2021,1,0.5,0.537899191997,0.514152764841,0.595118349607,0.547319273857,0.588531022893,0.588531022893
2021-07-12,2021,1,0.5,0.537899191997,0.465007994602,0.612600590867,0.607657155654,0.587614350409,0.587614350409
2021-07-13,2021,0,0.5,0.537899191997,0.530698626226,0.589170200917,0.505483032664,0.589152249694,0.589152249694
2021-07-14,2021,0,0.5,0.537899191997,0.574614814793,0.573103697437,0.575744010071,0.588103613008,0.588103613008
2021-07-15,2021,0,0.5,0.537899191997,0.534608347302,0.58775772357,0.544334755811,0.588575574041,0.588575574041
2021-07-16,2021,0,0.5,0.537899191997,0.503459252585,0.59894120535,0.517360503829,0.588976405517,0.588976405517
2021-07-19,2021,0,0.5,0.537899191997,0.575138815421,0.57290888667,0.544635938785,0.588571080433,0.588571080433
2021-07-20,2021,1,0.5,0.537899191997,0.601381381712,0.563033741474,0.60576006164,0.587643790999,0.587643790999
2021-07-21,2021,1,0.5,0.537899191997,0.511898100851,0.595925621493,0.525181926994,0.588860451747,0.588860451747
2021-07-22,2021,1,0.5,0.537899191997,0.488441154168,0.604288603617,0.516939201929,0.588982647012,0.588982647012
2021-07-23,2021,1,0.5,0.537899191997,0.530754312441,0.589150103204,0.540273184903,0.588636124796,0.588636124796
2021-07-26,2021,1,0.5,0.537899191997,0.517953268477,0.593755949197,0.53108660843,0.588772789072,0.588772789072
2021-07-27,2021,0,0.5,0.537899191997,0.443212725713,0.620321375715,0.500823040172,0.589221197959,0.589221197959
2021-07-28,2021,1,0.5,0.537899191997,0.491837714788,0.603081038646,0.515006476504,0.589011275111,0.589011275111
2021-07-29,2021,1,0.5,0.537899191997,0.577606016432,0.571990485667,0.648061111935,0.586973384489,0.586973384489
2021-07-30,2021,0,0.5,0.537899191997,0.512424545431,0.59573719348,0.504174840054,0.589171606696,0.589171606696
2021-08-02,2021,0,0.5,0.537899191997,0.576231710917,0.572502299155,0.612750712281,0.587535048779,0.587535048779
2021-08-03,2021,1,0.5,0.537899191997,0.575392168083,0.572814665667,0.554040937639,0.588430489269,0.588430489269
2021-08-04,2021,0,0.5,0.537899191997,0.474100094992,0.609378538082,0.531104508221,0.588772523134,0.588772523134
2021-08-05,2021,1,0.5,0.537899191997,0.606012815209,0.56126428434,0.599012616407,0.587748104766,0.587748104766
2021-08-06,2021,1,0.5,0.537899191997,0.542946383741,0.584735236483,0.548176120324,0.588518222876,0.588518222876
2021-08-09,2021,0,0.5,0.537899191997,0.464637837673,0.612731720253,0.519267303642,0.588948151636,0.588948151636
2021-08-10,2021,1,0.5,0.537899191997,0.562408423128,0.577618609583,0.546918605873,0.588537006796,0.588537006796
2021-08-11,2021,1,0.5,0.537899191997,0.519050905569,0.59336206801,0.525571419949,0.588854672881,0.588854672881
2021-08-12,2021,1,0.5,0.537899191997,0.511801921303,0.595960042532,0.51519263472,0.58900851801,0.58900851801
2021-08-13,2021,1,0.5,0.537899191997,0.601775461738,0.56288351786,0.538817426991,0.588657807057,0.588657807057
2021-08-16,2021,0,0.5,0.537899191997,0.595150879366,0.565400763658,0.562231438974,0.588307572712,0.588307572712
2021-08-17,2021,0,0.5,0.537899191997,0.563647708981,0.577162166258,0.524022604159,0.58887764969,0.58887764969
2021-08-18,2021,0,0.5,0.537899191997,0.577099502042,0.572179189396,0.610177980463,0.587575151011,0.587575151011
2021-08-19,2021,0,0.5,0.537899191997,0.578971115854,0.571481504747,0.556523755476,0.588393279916,0.588393279916
2021-08-20,2021,1,0.5,0.537899191997,0.576263282362,0.572490548137,0.559434385914,0.5883496037,0.5883496037
2021-08-23,2021,1,0.5,0.537899191997,0.577251241246,0.572122666974,0.53737813587,0.588679234026,0.588679234026
2021-08-24,2021,1,0.5,0.537899191997,0.552944503718,0.5810908592,0.544914947819,0.588566917209,0.588566917209
2021-08-25,2021,1,0.5,0.537899191997,0.507426775516,0.597524539781,0.509939391029,0.589086298058,0.589086298058
2021-08-26,2021,0,0.5,0.537899191997,0.560597638767,0.578284790218,0.511556214646,0.589062363942,0.589062363942
2021-08-27,2021,1,0.5,0.537899191997,0.544645271021,0.58411759364,0.532202066729,0.588756214243,0.588756214243
2021-08-30,2021,1,0.5,0.537899191997,0.52881379744,0.589850119267,0.528868932762,0.588805727838,0.588805727838
2021-08-31,2021,0,0.5,0.537899191997,0.584498626593,0.56941432206,0.527428326953,0.58882711534,0.58882711534
2021-09-01,2021,1,0.5,0.537899191997,0.558858619658,0.578923742288,0.538087270647,0.588668678241,0.588668678241
2021-09-02,2021,1,0.5,0.537899191997,0.6067501716,0.560981765898,0.547015126355,0.588535565366,0.588535565366
2021-09-03,2021,0,0.5,0.537899191997,0.506559434037,0.597834399787,0.52237959502,0.588902015959,0.588902015959
2021-09-07,2021,0,0.5,0.537899191997,0.577974860296,0.57185302015,0.490324101594,0.58937653577,0.58937653577
2021-09-08,2021,0,0.5,0.537899191997,0.570518767754,0.574623614769,0.526292781061,0.588843968833,0.588843968833
2021-09-09,2021,0,0.5,0.537899191997,0.561043826801,0.578120721502,0.524922497993,0.588864300601,0.588864300601
2021-09-10,2021,0,0.5,0.537899191997,0.588885757344,0.567766240715,0.548391503677,0.588515004681,0.588515004681
2021-09-13,2021,1,0.5,0.537899191997,0.599925767564,0.563588090207,0.540781798898,0.588628546954,0.588628546954
2021-09-14,2021,0,0.5,0.537899191997,0.56885014119,0.575241350504,0.524005365386,0.588877905387,0.588877905387
2021-09-15,2021,1,0.5,0.537899191997,0.649149609663,0.544307890241,0.55327346484,0.58844198272,0.58844198272
2021-09-16,2021,0,0.5,0.537899191997,0.579900986528,0.571134455873,0.519598142114,0.588943248576,0.588943248576
2021-09-17,2021,0,0.5,0.537899191997,0.613034042064,0.558564779611,0.568583019439,0.588211898023,0.588211898023
2021-09-20,2021,0,0.5,0.537899191997,0.580157854997,0.571038537157,0.545830722236,0.588553249452,0.588553249452
2021-09-21,2021,1,0.5,0.537899191997,0.599435695262,0.563774539562,0.525790082729,0.588851428391,0.588851428391
2021-09-22,2021,1,0.5,0.537899191997,0.610803628093,0.559424606899,0.542533954476,0.588602431462,0.588602431462
2021-09-23,2021,1,0.5,0.537899191997,0.549625070948,0.582303399295,0.516491142161,0.588989284496,0.588989284496
2021-09-24,2021,1,0.5,0.537899191997,0.534553873186,0.58777742375,0.527457755941,0.588826678504,0.588826678504
2021-09-27,2021,0,0.5,0.537899191997,0.581425572698,0.570564834744,0.527459949332,0.588826645946,0.588826645946
2021-09-28,2021,0,0.5,0.537899191997,0.51833707098,0.593618244674,0.577271971289,0.588080446107,0.588080446107
2021-09-29,2021,1,0.5,0.537899191997,0.553919649167,0.58073414292,0.517360503829,0.588976405517,0.588976405517
2021-09-30,2021,0,0.5,0.537899191997,0.592684921914,0.566333530694,0.505397584398,0.589153514091,0.589153514091
2021-10-01,2021,1,0.5,0.537899191997,0.631858726785,0.551216743526,0.556613404377,0.588391935572,0.588391935572
2021-10-04,2021,0,0.5,0.537899191997,0.515813945641,0.594523111742,0.496613184862,0.589283480924,0.589283480924
2021-10-05,2021,1,0.5,0.537899191997,0.517526870201,0.593908910471,0.455516149547,0.589893078432,0.589893078432
2021-10-06,2021,1,0.5,0.537899191997,0.563054339649,0.577380763709,0.511810256759,0.589058602962,0.589058602962
2021-10-07,2021,1,0.5,0.537899191997,0.540426931092,0.585650047763,0.513837789994,0.589028582468,0.589028582468
2021-10-08,2021,0,0.5,0.537899191997,0.52076384668,0.592747015132,0.534990664143,0.588714755711,0.588714755711
2021-10-11,2021,0,0.5,0.537899191997,0.476023322729,0.608696604889,0.484838969675,0.589457725911,0.589457725911
2021-10-12,2021,0,0.5,0.537899191997,0.534953130494,0.5876330217,0.536739549672,0.588688737668,0.588688737668
2021-10-13,2021,1,0.5,0.537899191997,0.54517023313,0.583926610541,0.536014429115,0.588699526889,0.588699526889
2021-10-14,2021,1,0.5,0.537899191997,0.535211623631,0.587539514091,0.548150689161,0.588518602842,0.588518602842
2021-10-15,2021,1,0.5,0.537899191997,0.51948974559,0.593204540731,0.505656912869,0.589149676734,0.589149676734
2021-10-18,2021,1,0.5,0.537899191997,0.470033541805,0.610819957825,0.481000024461,0.589514577534,0.589514577534
2021-10-19,2021,1,0.5,0.537899191997,0.485452394941,0.605350443959,0.495420915016,0.589301120422,0.589301120422
2021-10-20,2021,1,0.5,0.537899191997,0.505687358471,0.598145858085,0.52010263383,0.58893577143,0.58893577143
2021-10-21,2021,1,0.5,0.537899191997,0.467543373543,0.611702345882,0.439542308111,0.59013191993,0.59013191993
2021-10-22,2021,0,0.5,0.537899191997,0.548316108291,0.582780822327,0.476677080033,0.589578634044,0.589578634044
2021-10-25,2021,1,0.5,0.537899191997,0.479935229476,0.607308980432,0.443684513318,0.590069830085,0.590069830085
2021-10-26,2021,1,0.5,0.537899191997,0.536407556898,0.587106723762,0.528261624349,0.588814744943,0.588814744943
2021-10-27,2021,0,0.5,0.537899191997,0.511690920909,0.59599976614,0.572823901723,0.588147825885,0.588147825885
2021-10-28,2021,1,0.5,0.537899191997,0.535010148565,0.587612397045,0.551670673988,0.588465973147,0.588465973147
2021-10-29,2021,1,0.5,0.537899191997,0.512898034742,0.595567686982,0.53321415476,0.588741171106,0.588741171106
2021-11-01,2021,1,0.5,0.537899191997,0.484713139009,0.605612986456,0.526117891511,0.588846564119,0.588846564119
2021-11-02,2021,1,0.5,0.537899191997,0.488294627074,0.604340677021,0.507822707612,0.589117626472,0.589117626472
2021-11-03,2021,1,0.5,0.537899191997,0.516819227078,0.594162702014,0.504017583922,0.589173933495,0.589173933495
2021-11-04,2021,1,0.5,0.537899191997,0.506140866114,0.597983901177,0.516932006995,0.5889827536,0.5889827536
2021-11-05,2021,1,0.5,0.537899191997,0.540009905024,0.585801339208,0.475117945084,0.589601748447,0.589601748447
2021-11-08,2021,1,0.5,0.537899191997,0.427132086622,0.62602696306,0.457680814945,0.589860825287,0.589860825287
2021-11-09,2021,0,0.5,0.537899191997,0.543009243868,0.584712394514,0.475223270811,0.589600186769,0.589600186769
2021-11-10,2021,0,0.5,0.537899191997,0.506852974157,0.597729542219,0.564555133222,0.588272608729,0.588272608729
2021-11-11,2021,1,0.5,0.537899191997,0.541615768787,0.58521855132,0.512681172524,0.589045708667,0.589045708667
2021-11-12,2021,1,0.5,0.537899191997,0.561192608457,0.578066000803,0.528161855484,0.588816226151,0.588816226151
2021-11-15,2021,0,0.5,0.537899191997,0.577385348025,0.572072706492,0.559479949908,0.588348919487,0.588348919487
2021-11-16,2021,1,0.5,0.537899191997,0.543671640861,0.5844716417,0.520915525687,0.588923722069,0.588923722069
2021-11-17,2021,0,0.5,0.537899191997,0.594298620646,0.565723392587,0.549316990333,0.588501173144,0.588501173144
2021-11-18,2021,1,0.5,0.537899191997,0.537990535591,0.58653342644,0.59779650728,0.58776684178,0.58776684178
2021-11-19,2021,0,0.5,0.537899191997,0.545920046937,0.583653718415,0.536544236592,0.588691644006,0.588691644006
2021-11-22,2021,0,0.5,0.537899191997,0.592453229347,0.566421054625,0.542533954476,0.588602431462,0.588602431462
2021-11-23,2021,0,0.5,0.537899191997,0.443187691993,0.620330248238,0.512746994989,0.589044734086,0.589044734086
2021-11-24,2021,1,0.5,0.537899191997,0.528907415742,0.58981636337,0.517539230341,0.588973757605,0.588973757605
2021-11-26,2021,0,0.5,0.537899191997,0.599938647017,0.563583188917,0.54391140524,0.588581889531,0.588581889531
2021-11-29,2021,1,0.5,0.537899191997,0.606649329308,0.561020416979,0.623104400466,0.587372629083,0.587372629083
2021-11-30,2021,0,0.5,0.537899191997,0.584635952083,0.569362834764,0.566277973708,0.588246657578,0.588246657578
2021-12-01,2021,0,0.5,0.537899191997,0.576759804095,0.572305699461,0.537788956909,0.58867311906,0.58867311906
2021-12-02,2021,1,0.5,0.537899191997,0.469208563619,0.611112307821,0.50700449442,0.589129735239,0.589129735239
2021-12-03,2021,0,0.5,0.537899191997,0.524498179474,0.591404522246,0.625503599186,0.587334743619,0.587334743619
2021-12-06,2021,1,0.5,0.537899191997,0.513064791361,0.595507981665,0.540746206035,0.588629077294,0.588629077294
2021-12-07,2021,1,0.5,0.537899191997,0.505989922918,0.598037808861,0.504700497232,0.589163828827,0.589163828827
2021-12-08,2021,1,0.5,0.537899191997,0.566352206313,0.576164585935,0.50734351016,0.589124718217,0.589124718217
2021-12-09,2021,0,0.5,0.537899191997,0.480371359386,0.607154226598,0.49290886119,0.589338287988,0.589338287988
2021-12-10,2021,1,0.5,0.537899191997,0.474015425058,0.609408556445,0.522789089432,0.58889594378,0.58889594378
2021-12-13,2021,0,0.5,0.537899191997,0.465436323766,0.612448850432,0.468154091431,0.589705077996,0.589705077996
2021-12-14,2021,0,0.5,0.537899191997,0.513736008732,0.595267620651,0.536559302938,0.588691419819,0.588691419819
2021-12-15,2021,1,0.5,0.537899191997,0.429846598053,0.625062742465,0.49607722548,0.589291410329,0.589291410329
2021-12-16,2021,0,0.5,0.537899191997,0.58788364692,0.568143287849,0.634666630579,0.587189123415,0.587189123415
2021-12-17,2021,0,0.5,0.537899191997,0.405217814322,0.633836068337,0.470571274361,0.589669193974,0.589669193974
2021-12-20,2021,0,0.5,0.537899191997,0.592201975954,0.566515945602,0.527669955946,0.588823528578,0.588823528578
2021-12-21,2021,1,0.5,0.537899191997,0.512765200534,0.595615244004,0.552828388535,0.588448646264,0.588448646264
2021-12-22,2021,1,0.5,0.537899191997,0.468969251347,0.611197109773,0.487192914315,0.589422878275,0.589422878275
2021-12-23,2021,1,0.5,0.537899191997,0.5294184383,0.589632076363,0.627615334697,0.587301315975,0.587301315975
2021-12-27,2021,1,0.5,0.537899191997,0.479075943394,0.60761385346,0.51935124699,0.588946907613,0.588946907613
2021-12-28,2021,0,0.5,0.537899191997,0.553526628728,0.58087794133,0.503574763846,0.589180485484,0.589180485484
2021-12-29,2021,1,0.5,0.537899191997,0.489837857198,0.603792153113,0.50316676923,0.589186522091,0.589186522091
2021-12-30,2021,0,0.5,0.537899191997,0.56993601884,0.574839445236,0.574884626705,0.588116633108,0.588116633108
2021-12-31,2021,0,0.5,0.537899191997,0.546650807425,0.583387638369,0.538822976468,0.588657724422,0.588657724422
2022-01-03,2022,1,0.5,0.538948937756,0.583150581963,0.564315436808,0.569783019693,0.52797096029,0.538948937756
2022-01-04,2022,0,0.5,0.538948937756,0.582709495236,0.564409108931,0.533996497078,0.568178744763,0.538948937756
2022-01-05,2022,0,0.5,0.538948937756,0.489183497156,0.583773887828,0.534673106874,0.567430056365,0.538948937756
2022-01-06,2022,0,0.5,0.538948937756,0.566596654308,0.567809838026,0.510883514046,0.593481888222,0.538948937756
2022-01-07,2022,0,0.5,0.538948937756,0.581190303105,0.564731485483,0.486465287661,0.619631459403,0.538948937756
2022-01-10,2022,0,0.5,0.538948937756,0.550409277519,0.571190152453,0.504242974099,0.600653007567,0.538948937756
2022-01-11,2022,1,0.5,0.538948937756,0.643318193896,0.551154894507,0.529144336959,0.573534606216,0.538948937756
2022-01-12,2022,1,0.5,0.538948937756,0.616633774363,0.557096312351,0.610382686531,0.480900437918,0.538948937756
2022-01-13,2022,0,0.5,0.538948937756,0.54821774682,0.571645423011,0.502473052672,0.602556844355,0.538948937756
2022-01-14,2022,1,0.5,0.538948937756,0.54189620833,0.5729558737,0.558602658221,0.540664710041,0.538948937756
2022-01-18,2022,0,0.5,0.538948937756,0.557045589123,0.569808228208,0.454921604787,0.652507860533,0.538948937756
2022-01-19,2022,0,0.5,0.538948937756,0.534750938107,0.574432514123,0.462868899655,0.644321825576,0.538948937756
2022-01-20,2022,0,0.5,0.538948937756,0.59906591801,0.560912252614,0.501687378386,0.60340094981,0.538948937756
2022-01-21,2022,0,0.5,0.538948937756,0.549328820564,0.571414672342,0.50666006397,0.598047930626,0.538948937756
2022-01-24,2022,1,0.5,0.538948937756,0.520430815586,0.577379661506,0.475969756303,0.630684427115,0.538948937756
2022-01-25,2022,0,0.5,0.538948937756,0.560469951895,0.569093093071,0.528998153498,0.573695604873,0.538948937756
2022-01-26,2022,0,0.5,0.538948937756,0.454583777983,0.590843502854,0.447051140918,0.660549847565,0.538948937756
2022-01-27,2022,0,0.5,0.538948937756,0.581322063562,0.564703540761,0.496271824795,0.609202261343,0.538948937756
2022-01-28,2022,1,0.5,0.538948937756,0.53569493615,0.574237685282,0.456595380929,0.650789268711,0.538948937756
2022-01-31,2022,1,0.5,0.538948937756,0.532997387556,0.57479422739,0.492516834424,0.613207248818,0.538948937756
2022-02-01,2022,1,0.5,0.538948937756,0.558929659764,0.569414944163,0.500364727173,0.604820557394,0.538948937756
2022-02-02,2022,1,0.5,0.538948937756,0.459092383659,0.589920731967,0.423103579266,0.684619306024,0.538948937756
2022-02-03,2022,0,0.5,0.538948937756,0.505483448971,0.5804427618,0.558760422616,0.540486417132,0.538948937756
2022-02-04,2022,1,0.5,0.538948937756,0.471942895063,0.587294188365,0.432166261024,0.675581570642,0.538948937756
2022-02-07,2022,0,0.5,0.538948937756,0.513200481836,0.578862698265,0.475628107099,0.631042319522,0.538948937756
2022-02-08,2022,1,0.5,0.538948937756,0.5294311554,0.575529095072,0.511523058087,0.592788904135,0.538948937756
2022-02-09,2022,1,0.5,0.538948937756,0.5744054407,0.5661666916,0.614185652604,0.476415312017,0.538948937756
2022-02-10,2022,0,0.5,0.538948937756,0.583793551567,0.564178832577,0.486610487712,0.6194777556,0.538948937756
2022-02-11,2022,0,0.5,0.538948937756,0.493702724187,0.582850903761,0.477001636148,0.629602758338,0.538948937756
2022-02-14,2022,0,0.5,0.538948937756,0.510918901472,0.57933012219,0.515502305963,0.588467942181,0.538948937756
2022-02-15,2022,1,0.5,0.538948937756,0.561010192017,0.568980136235,0.491649448118,0.614130343431,0.538948937756
2022-02-16,2022,0,0.5,0.538948937756,0.549048141654,0.571472976952,0.506170792658,0.598575729981,0.538948937756
2022-02-17,2022,0,0.5,0.538948937756,0.550959466314,0.571075773627,0.474911080327,0.63179304525,0.538948937756
2022-02-18,2022,0,0.5,0.538948937756,0.537705809367,0.573822412719,0.474799703514,0.631909609033,0.538948937756
2022-02-22,2022,0,0.5,0.538948937756,0.540242950256,0.573297946773,0.475152147846,0.631540707108,0.538948937756
2022-02-23,2022,0,0.5,0.538948937756,0.535606839761,0.574255870412,0.465473515519,0.641624685269,0.538948937756
2022-02-24,2022,1,0.5,0.538948937756,0.550439668792,0.571183835277,0.492169043959,0.61357746833,0.538948937756
2022-02-25,2022,1,0.5,0.538948937756,0.65753789827,0.547903394313,0.511840745618,0.59244451822,0.538948937756
2022-02-28,2022,1,0.5,0.538948937756,0.448999395931,0.591987693995,0.460649406435,0.646614605031,0.538948937756
2022-03-01,2022,0,0.5,0.538948937756,0.558542580563,0.569495779422,0.514526359312,0.589529164503,0.538948937756
2022-03-02,2022,1,0.5,0.538948937756,0.553336499762,0.570581222898,0.526945663687,0.575953878549,0.538948937756
2022-03-03,2022,0,0.5,0.538948937756,0.403396131408,0.601418613146,0.457216269744,0.650151013157,0.538948937756
2022-03-04,2022,0,0.5,0.538948937756,0.515990359616,0.578290792898,0.460001629014,0.647282806592,0.538948937756
2022-03-07,2022,0,0.5,0.538948937756,0.537632521457,0.573837553863,0.462089688497,0.645127348675,0.538948937756
2022-03-08,2022,0,0.5,0.538948937756,0.570334471604,0.567024420545,0.510994840597,0.593361288773,0.538948937756
2022-03-09,2022,1,0.5,0.538948937756,0.552555507814,0.57074378164,0.528779716944,0.573936139911,0.538948937756
2022-03-10,2022,0,0.5,0.538948937756,0.601978404833,0.560284215328,0.521335243314,0.582105514715,0.538948937756
2022-03-11,2022,0,0.5,0.538948937756,0.493356196005,0.582921688208,0.482999565338,0.623293750199,0.538948937756
2022-03-14,2022,0,0.5,0.538948937756,0.508093086994,0.579908718356,0.472198195061,0.634628634345,0.538948937756
2022-03-15,2022,1,0.5,0.538948937756,0.490872392738,0.583428990545,0.493855698466,0.611780891796,0.538948937756
2022-03-16,2022,1,0.5,0.538948937756,0.560593094429,0.569067348926,0.476176822104,0.630467458169,0.538948937756
2022-03-17,2022,1,0.5,0.538948937756,0.522419365834,0.576971256042,0.502625154535,0.602393358478,0.538948937756
2022-03-18,2022,1,0.5,0.538948937756,0.493257025187,0.582941945191,0.466346130595,0.640719498894,0.538948937756
2022-03-21,2022,0,0.5,0.538948937756,0.541727681401,0.572990755157,0.578990631889,0.51742855124,0.538948937756
2022-03-22,2022,1,0.5,0.538948937756,0.412106939983,0.599601316961,0.432217977812,0.675529747277,0.538948937756
2022-03-23,2022,0,0.5,0.538948937756,0.497679787386,0.582038346699,0.449735915188,0.657813839397,0.538948937756
2022-03-24,2022,1,0.5,0.538948937756,0.479079391943,0.585836896066,0.459025926147,0.648288449301,0.538948937756
2022-03-25,2022,1,0.5,0.538948937756,0.514798776974,0.578535107684,0.473377514993,0.633396906545,0.538948937756
2022-03-28,2022,1,0.5,0.538948937756,0.451135289151,0.591549890042,0.466279538484,0.640788604436,0.538948937756
2022-03-29,2022,1,0.5,0.538948937756,0.557568903825,0.569699034298,0.466677323672,0.640375737123,0.538948937756
2022-03-30,2022,0,0.5,0.538948937756,0.542539957092,0.572822606509,0.483928694101,0.622313130037,0.538948937756
2022-03-31,2022,0,0.5,0.538948937756,0.460931590473,0.589544523861,0.505498778196,0.599300269545,0.538948937756
2022-04-01,2022,1,0.5,0.538948937756,0.546320537567,0.572039138924,0.555956808951,0.543651293684,0.538948937756
2022-04-04,2022,1,0.5,0.538948937756,0.509782845361,0.57956277535,0.512418193223,0.591818282886,0.538948937756
2022-04-05,2022,0,0.5,0.538948937756,0.51865950345,0.57774324958,0.500860387298,0.604288770493,0.538948937756
2022-04-06,2022,0,0.5,0.538948937756,0.5426725476,0.572795153016,0.585381331557,0.51006503713,0.538948937756
2022-04-07,2022,1,0.5,0.538948937756,0.510848803369,0.57934447926,0.50856591079,0.595989708491,0.538948937756
2022-04-08,2022,0,0.5,0.538948937756,0.526320805826,0.576169242286,0.545285363998,0.555628688625,0.538948937756
2022-04-11,2022,0,0.5,0.538948937756,0.487395984314,0.584138889952,0.546962665413,0.553753408749,0.538948937756
2022-04-12,2022,0,0.5,0.538948937756,0.600338303986,0.560638092571,0.539672273547,0.561884427323,0.538948937756
2022-04-13,2022,1,0.5,0.538948937756,0.568783392449,0.567350585006,0.528089141279,0.574696268789,0.538948937756
2022-04-14,2022,0,0.5,0.538948937756,0.585388987396,0.56383956407,0.553494069994,0.546425156943,0.538948937756
2022-04-18,2022,0,0.5,0.538948937756,0.552567890033,0.570741204898,0.52849715562,0.57424721711,0.538948937756
2022-04-19,2022,1,0.5,0.538948937756,0.532137399665,0.574971529974,0.536849479444,0.565018790866,0.538948937756
2022-04-20,2022,0,0.5,0.538948937756,0.575858277559,0.565859982358,0.539327257266,0.562267943077,0.538948937756
2022-04-21,2022,0,0.5,0.538948937756,0.484587220074,0.584712377033,0.5125096421,0.591719076961,0.538948937756
2022-04-22,2022,0,0.5,0.538948937756,0.572979873313,0.566467331201,0.521422187134,0.582010422122,0.538948937756
2022-04-25,2022,1,0.5,0.538948937756,0.599745449267,0.560765875201,0.556011537139,0.543589585446,0.538948937756
2022-04-26,2022,0,0.5,0.538948937756,0.589875206195,0.562883183419,0.538202001114,0.563517955334,0.538948937756
2022-04-27,2022,1,0.5,0.538948937756,0.533671327473,0.574655240416,0.526848196987,0.57606101374,0.538948937756
2022-04-28,2022,1,0.5,0.538948937756,0.603604471736,0.559932817441,0.541052303963,0.560349240966,0.538948937756
2022-04-29,2022,0,0.5,0.538948937756,0.552592338536,0.57073611711,0.542913043709,0.558276360006,0.538948937756
2022-05-02,2022,1,0.5,0.538948937756,0.527838712194,0.575856926383,0.508212922733,0.59637119426,0.538948937756
2022-05-03,2022,1,0.5,0.538948937756,0.58510420132,0.563900155768,0.542762392519,0.558444312238,0.538948937756
2022-05-04,2022,1,0.5,0.538948937756,0.476818911996,0.586298439114,0.488400357009,0.617581291036,0.538948937756
2022-05-05,2022,0,0.5,0.538948937756,0.503019552983,0.580946750767,0.497326621352,0.60807466165,0.538948937756
2022-05-06,2022,0,0.5,0.538948937756,0.509671192946,0.579585637609,0.488185378329,0.617809245696,0.538948937756
2022-05-09,2022,0,0.5,0.538948937756,0.497392240073,0.582097107475,0.516504134808,0.587377585762,0.538948937756
2022-05-10,2022,1,0.5,0.538948937756,0.573389116477,0.56638105681,0.489008490147,0.616936195762,0.538948937756
2022-05-11,2022,0,0.5,0.538948937756,0.588282058454,0.563223223956,0.527143343599,0.575736560351,0.538948937756
2022-05-12,2022,1,0.5,0.538948937756,0.504311269691,0.580682556903,0.451387866641,0.656126617131,0.538948937756
2022-05-13,2022,1,0.5,0.538948937756,0.625109027879,0.55522979701,0.610198314354,0.481117558903,0.538948937756
2022-05-16,2022,0,0.5,0.538948937756,0.556150950547,0.569994825122,0.520191924163,0.583355291353,0.538948937756
2022-05-17,2022,1,0.5,0.538948937756,0.442411353655,0.59333965408,0.471072634349,0.635802874819,0.538948937756
2022-05-18,2022,0,0.5,0.538948937756,0.51518301709,0.578456333547,0.525438849527,0.577609114581,0.538948937756
2022-05-19,2022,0,0.5,0.538948937756,0.462074310256,0.589310839017,0.455776646997,0.651630289244,0.538948937756
2022-05-20,2022,0,0.5,0.538948937756,0.521130300358,0.57723603023,0.532497531922,0.569835791081,0.538948937756
2022-05-23,2022,1,0.5,0.538948937756,0.555746285493,0.57007919554,0.52585858402,0.577148261922,0.538948937756
2022-05-24,2022,0,0.5,0.538948937756,0.459413088041,0.589855123616,0.473392306179,0.63338144894,0.538948937756
2022-05-25,2022,1,0.5,0.538948937756,0.515874173709,0.578314618226,0.48788318585,0.618129598505,0.538948937756
2022-05-26,2022,1,0.5,0.538948937756,0.513639595042,0.578772709221,0.489158511425,0.616776998178,0.538948937756
2022-05-27,2022,1,0.5,0.538948937756,0.511137078413,0.579285435083,0.455962737043,0.65143919502,0.538948937756
2022-05-31,2022,0,0.5,0.538948937756,0.53240269679,0.574916840314,0.496979613883,0.608445744577,0.538948937756
2022-06-01,2022,0,0.5,0.538948937756,0.501350208657,0.581288100069,0.416665043541,0.690987288959,0.538948937756
2022-06-02,2022,1,0.5,0.538948937756,0.476197595448,0.586425305692,0.432575933908,0.675170976172,0.538948937756
2022-06-03,2022,0,0.5,0.538948937756,0.535620554243,0.574253039469,0.504472261685,0.600406140281,0.538948937756
2022-06-06,2022,1,0.5,0.538948937756,0.474760488083,0.586718762855,0.483335629069,0.622939164277,0.538948937756
2022-06-07,2022,1,0.5,0.538948937756,0.513150891024,0.578872860494,0.486197335213,0.619915048078,0.538948937756
2022-06-08,2022,0,0.5,0.538948937756,0.537140730623,0.573939144686,0.516882212177,0.586965838627,0.538948937756
2022-06-09,2022,0,0.5,0.538948937756,0.530692536368,0.575269284068,0.50247687766,0.602552733374,0.538948937756
2022-06-10,2022,0,0.5,0.538948937756,0.548521220726,0.571582409861,0.515649667221,0.588307622121,0.538948937756
2022-06-13,2022,0,0.5,0.538948937756,0.559808926499,0.56923125396,0.549714900715,0.550670413954,0.538948937756
2022-06-14,2022,0,0.5,0.538948937756,0.56628150285,0.567875970395,0.507604064001,0.597028913287,0.538948937756
2022-06-15,2022,1,0.5,0.538948937756,0.569593280246,0.567180323039,0.501998387464,0.603066885381,0.538948937756
2022-06-16,2022,0,0.5,0.538948937756,0.583123162088,0.564321260832,0.504642985424,0.600222292536,0.538948937756
2022-06-17,2022,1,0.5,0.538948937756,0.56489832396,0.568166060115,0.523164810359,0.580102887902,0.538948937756
2022-06-21,2022,1,0.5,0.538948937756,0.610710948543,0.558390448235,0.539844122429,0.561693358899,0.538948937756
2022-06-22,2022,0,0.5,0.538948937756,0.435729018579,0.594713772225,0.496374414429,0.609092640452,0.538948937756
2022-06-23,2022,1,0.5,0.538948937756,0.539835162016,0.573382282379,0.525197527482,0.577873998081,0.538948937756
2022-06-24,2022,1,0.5,0.538948937756,0.614956629151,0.557463597128,0.619857157011,0.469703012926,0.538948937756
2022-06-27,2022,0,0.5,0.538948937756,0.398176415449,0.602512260782,0.500933498425,0.604210309533,0.538948937756
2022-06-28,2022,0,0.5,0.538948937756,0.467632495381,0.588174740615,0.501161076001,0.60396604458,0.538948937756
2022-06-29,2022,0,0.5,0.538948937756,0.44350994234,0.593114029927,0.485687275574,0.620454669014,0.538948937756
2022-06-30,2022,0,0.5,0.538948937756,0.549203264283,0.571440754831,0.53987166505,0.561662733236,0.538948937756
2022-07-01,2022,1,0.5,0.538948937756,0.550553317874,0.571160211107,0.543853991422,0.557226852633,0.538948937756
2022-07-05,2022,1,0.5,0.538948937756,0.52843371113,0.575734457612,0.491638434048,0.614142059958,0.538948937756
2022-07-06,2022,1,0.5,0.538948937756,0.613466793011,0.557789308197,0.543843063059,0.557239046772,0.538948937756
2022-07-07,2022,1,0.5,0.538948937756,0.503482048102,0.580852163439,0.514775359739,0.589258497592,0.538948937756
2022-07-08,2022,0,0.5,0.538948937756,0.523054990901,0.576840659931,0.523351380751,0.5798984829,0.538948937756
2022-07-11,2022,0,0.5,0.538948937756,0.476619585644,0.58633913918,0.522638384788,0.580679449135,0.538948937756
2022-07-12,2022,0,0.5,0.538948937756,0.437006387554,0.594450859839,0.523279563201,0.579977169713,0.538948937756
2022-07-13,2022,0,0.5,0.538948937756,0.566151382384,0.567903271292,0.52942460127,0.573225879087,0.538948937756
2022-07-14,2022,0,0.5,0.538948937756,0.541360650678,0.5730667133,0.584922849587,0.51059456666,0.538948937756
2022-07-15,2022,1,0.5,0.538948937756,0.596135941409,0.561542344624,0.546389463775,0.554394574417,0.538948937756
2022-07-18,2022,0,0.5,0.538948937756,0.556634525422,0.569893976727,0.595086937446,0.498810257643,0.538948937756
2022-07-19,2022,1,0.5,0.538948937756,0.548650477049,0.571555568173,0.569128207711,0.528717670171,0.538948937756
2022-07-20,2022,1,0.5,0.538948937756,0.548280342455,0.57163242649,0.538900740357,0.562741893166,0.538948937756
2022-07-21,2022,1,0.5,0.538948937756,0.57186583458,0.566702059984,0.514435380004,0.589628044798,0.538948937756
2022-07-22,2022,0,0.5,0.538948937756,0.568995945965,0.567305909137,0.515044096393,0.588966307537,0.538948937756
2022-07-25,2022,1,0.5,0.538948937756,0.507367609228,0.580057208753,0.532114981492,0.570258331424,0.538948937756
2022-07-26,2022,0,0.5,0.538948937756,0.492652628094,0.583065397835,0.504156984397,0.600745576502,0.538948937756
2022-07-27,2022,1,0.5,0.538948937756,0.525411938007,0.576356168461,0.542202198066,0.559068646577,0.538948937756
2022-07-28,2022,1,0.5,0.538948937756,0.587831094007,0.563319394758,0.522312715212,0.581035996989,0.538948937756
2022-07-29,2022,1,0.5,0.538948937756,0.594351068923,0.561925359803,0.534396009171,0.567736727378,0.538948937756
2022-08-01,2022,0,0.5,0.538948937756,0.537616929716,0.573840775027,0.510235169136,0.594183989537,0.538948937756
2022-08-02,2022,0,0.5,0.538948937756,0.561130200906,0.568955038945,0.517444275122,0.586353457247,0.538948937756
2022-08-03,2022,1,0.5,0.538948937756,0.563199964795,0.568521898497,0.556977535783,0.542499910701,0.538948937756
2022-08-04,2022,0,0.5,0.538948937756,0.545623034932,0.572183793579,0.486846366152,0.619228016802,0.538948937756
2022-08-05,2022,0,0.5,0.538948937756,0.567656108481,0.567587417908,0.531956626707,0.57043319768,0.538948937756
2022-08-08,2022,0,0.5,0.538948937756,0.513870534138,0.578725378221,0.542907640602,0.558282383998,0.538948937756
2022-08-09,2022,0,0.5,0.538948937756,0.530899523005,0.57522663871,0.540208059537,0.56128862396,0.538948937756
2022-08-10,2022,1,0.5,0.538948937756,0.475674313796,0.586532157289,0.584810300746,0.510724526776,0.538948937756
2022-08-11,2022,0,0.5,0.538948937756,0.594706845846,0.561849062665,0.524742580275,0.578373207066,0.538948937756
2022-08-12,2022,1,0.5,0.538948937756,0.474540654102,0.586763654909,0.53031013382,0.572249905177,0.538948937756
2022-08-15,2022,1,0.5,0.538948937756,0.570011628913,0.567092337153,0.538537373551,0.563145529945,0.538948937756
2022-08-16,2022,1,0.5,0.538948937756,0.610369849441,0.55846473318,0.624847536508,0.463773829327,0.538948937756
2022-08-17,2022,0,0.5,0.538948937756,0.509076062948,0.579707489043,0.500634422336,0.604531236018,0.538948937756
2022-08-18,2022,1,0.5,0.538948937756,0.581796516538,0.564602891484,0.58180847436,0.514186423084,0.538948937756
2022-08-19,2022,0,0.5,0.538948937756,0.557596868353,0.56969319833,0.525250381428,0.577815988679,0.538948937756
2022-08-22,2022,0,0.5,0.538948937756,0.571923677698,0.566689876931,0.554524706004,0.545265026445,0.538948937756
2022-08-23,2022,0,0.5,0.538948937756,0.610300824275,0.558479762376,0.534588203759,0.567524028793,0.538948937756
2022-08-24,2022,1,0.5,0.538948937756,0.614484866897,0.557566790793,0.6453808385,0.439156320916,0.538948937756
2022-08-25,2022,1,0.5,0.538948937756,0.59375474183,0.562053189289,0.551533241417,0.548629533684,0.538948937756
2022-08-26,2022,0,0.5,0.538948937756,0.59575226502,0.561624729516,0.631039095066,0.456387923499,0.538948937756
2022-08-29,2022,0,0.5,0.538948937756,0.57423895187,0.566201818501,0.533331827744,0.568913782821,0.538948937756
2022-08-30,2022,0,0.5,0.538948937756,0.588591974319,0.563157111508,0.530080750818,0.572502789789,0.538948937756
2022-08-31,2022,0,0.5,0.538948937756,0.585132513735,0.563894132585,0.554028490601,0.545823716331,0.538948937756
2022-09-01,2022,0,0.5,0.538948937756,0.590468837223,0.562756361442,0.554028490601,0.545823716331,0.538948937756
2022-09-02,2022,0,0.5,0.538948937756,0.597928035738,0.561157156069,0.569813646243,0.527936025651,0.538948937756
2022-09-06,2022,0,0.5,0.538948937756,0.562676368281,0.56863152463,0.519925085138,0.583646789223,0.538948937756
2022-09-07,2022,1,0.5,0.538948937756,0.585523243502,0.563810994582,0.549832590593,0.550538417039,0.538948937756
2022-09-08,2022,1,0.5,0.538948937756,0.559374951953,0.56932192897,0.549041145059,0.551425817582,0.538948937756
2022-09-09,2022,1,0.5,0.538948937756,0.53153927352,0.575094810226,0.530665320792,0.571858224899,0.538948937756
2022-09-12,2022,1,0.5,0.538948937756,0.53433809068,0.574517696939,0.533111092602,0.56915779121,0.538948937756
2022-09-13,2022,0,0.5,0.538948937756,0.520538718246,0.577357506857,0.519346483019,0.584278616937,0.538948937756
2022-09-14,2022,1,0.5,0.538948937756,0.499382383811,0.581690375715,0.508765062858,0.595774423028,0.538948937756
2022-09-15,2022,0,0.5,0.538948937756,0.565098585956,0.568124075919,0.551098011213,0.549118320286,0.538948937756
2022-09-16,2022,0,0.5,0.538948937756,0.519644463008,0.577541094873,0.526463728851,0.576483528639,0.538948937756
2022-09-19,2022,1,0.5,0.538948937756,0.540308021583,0.573284487803,0.550362392977,0.549944043346,0.538948937756
2022-09-20,2022,0,0.5,0.538948937756,0.565949704842,0.567945581161,0.536546084885,0.565355208908,0.538948937756
2022-09-21,2022,0,0.5,0.538948937756,0.555649635439,0.570099343653,0.558057787275,0.541280297416,0.538948937756
2022-09-22,2022,0,0.5,0.538948937756,0.54837747284,0.571612258811,0.527650991964,0.575178303189,0.538948937756
2022-09-23,2022,0,0.5,0.538948937756,0.550585926873,0.571153432431,0.55085716368,0.549388726352,0.538948937756
2022-09-26,2022,0,0.5,0.538948937756,0.571803513788,0.566715185581,0.544891635767,0.556068494634,0.538948937756
2022-09-27,2022,0,0.5,0.538948937756,0.56919883634,0.567263258324,0.543018835607,0.558158405585,0.538948937756
2022-09-28,2022,1,0.5,0.538948937756,0.547639240218,0.571765516774,0.547157960613,0.553534884861,0.538948937756
2022-09-29,2022,0,0.5,0.538948937756,0.538669681793,0.57362323403,0.614956788231,0.475504308051,0.538948937756
2022-09-30,2022,0,0.5,0.538948937756,0.52012991266,0.577441439398,0.525848338041,0.577159513698,0.538948937756
2022-10-03,2022,1,0.5,0.538948937756,0.538502308445,0.573657826729,0.531509364309,0.570926962287,0.538948937756
2022-10-04,2022,1,0.5,0.538948937756,0.478787249232,0.585896543794,0.505298069092,0.59951657792,0.538948937756
2022-10-05,2022,0,0.5,0.538948937756,0.490657507852,0.58347287521,0.519033431489,0.584620327034,0.538948937756
2022-10-06,2022,0,0.5,0.538948937756,0.536363689085,0.574099617604,0.527319386925,0.575542995666,0.538948937756
2022-10-07,2022,0,0.5,0.538948937756,0.522720720349,0.576909342692,0.531478020153,0.570961557932,0.538948937756
2022-10-10,2022,0,0.5,0.538948937756,0.4957923998,0.582424002439,0.524170919501,0.579000193778,0.538948937756
2022-10-11,2022,0,0.5,0.538948937756,0.512333747704,0.579040293695,0.551961799266,0.548148062136,0.538948937756
2022-10-12,2022,0,0.5,0.538948937756,0.55054461177,0.57116202089,0.530989766127,0.571500336106,0.538948937756
2022-10-13,2022,1,0.5,0.538948937756,0.541370726539,0.573064628239,0.53713736032,0.564699491761,0.538948937756
2022-10-14,2022,0,0.5,0.538948937756,0.509338166408,0.579653825857,0.512953043778,0.5912379454,0.538948937756
2022-10-17,2022,1,0.5,0.538948937756,0.523573035626,0.576734202711,0.509151538306,0.595356525258,0.538948937756
2022-10-18,2022,1,0.5,0.538948937756,0.528003857709,0.575822937023,0.535846656082,0.566130424553,0.538948937756
2022-10-19,2022,0,0.5,0.538948937756,0.486185392712,0.584386071769,0.522294655338,0.581055766122,0.538948937756
2022-10-20,2022,0,0.5,0.538948937756,0.493968169675,0.582796680404,0.476250304071,0.630390451232,0.538948937756
2022-10-21,2022,1,0.5,0.538948937756,0.559578639465,0.569279373277,0.531601031144,0.57082578083,0.538948937756
2022-10-24,2022,1,0.5,0.538948937756,0.447825621257,0.592228389035,0.498317624053,0.607014230361,0.538948937756
2022-10-25,2022,1,0.5,0.538948937756,0.492977151222,0.582999112321,0.522499353594,0.580831675425,0.538948937756
2022-10-26,2022,0,0.5,0.538948937756,0.559769138823,0.569239568218,0.616268742079,0.47395319979,0.538948937756
2022-10-27,2022,0,0.5,0.538948937756,0.435991978627,0.594659639103,0.467071358656,0.639966600612,0.538948937756
2022-10-28,2022,1,0.5,0.538948937756,0.462322347943,0.589260121126,0.468718298475,0.638254801183,0.538948937756
2022-10-31,2022,0,0.5,0.538948937756,0.497192387657,0.582137946484,0.475430851479,0.631248898616,0.538948937756
2022-11-01,2022,0,0.5,0.538948937756,0.438536936815,0.594135991867,0.483901601407,0.622341736703,0.538948937756
2022-11-02,2022,0,0.5,0.538948937756,0.485358361802,0.584554931593,0.463588619446,0.64357724272,0.538948937756
2022-11-03,2022,0,0.5,0.538948937756,0.492028386447,0.583192897553,0.464915457658,0.642203159468,0.538948937756
2022-11-04,2022,1,0.5,0.538948937756,0.518883745349,0.577697230767,0.487912925948,0.618098075308,0.538948937756
2022-11-07,2022,1,0.5,0.538948937756,0.465276973715,0.588656110016,0.461083860639,0.646166208294,0.538948937756
2022-11-08,2022,1,0.5,0.538948937756,0.514250920148,0.578647412246,0.449553909289,0.657999556825,0.538948937756
2022-11-09,2022,0,0.5,0.538948937756,0.558660034809,0.56947125296,0.579192274776,0.517196791491,0.538948937756
2022-11-10,2022,1,0.5,0.538948937756,0.496559572664,0.582267253434,0.459414771347,0.647887790908,0.538948937756
2022-11-11,2022,1,0.5,0.538948937756,0.51400297079,0.578698234112,0.482035607921,0.624310193811,0.538948937756
2022-11-14,2022,0,0.5,0.538948937756,0.459057531762,0.589927862045,0.466389453903,0.640674537937,0.538948937756
2022-11-15,2022,1,0.5,0.538948937756,0.4602438879,0.589685179067,0.445371537417,0.662257665758,0.538948937756
2022-11-16,2022,0,0.5,0.538948937756,0.501274848828,0.581303507691,0.512458646275,0.591774399484,0.538948937756
2022-11-17,2022,0,0.5,0.538948937756,0.404614514725,0.601163857623,0.483059208927,0.623230827796,0.538948937756
2022-11-18,2022,1,0.5,0.538948937756,0.484524270809,0.58472522939,0.497862033552,0.607501862748,0.538948937756
2022-11-21,2022,0,0.5,0.538948937756,0.517148360741,0.578053291029,0.5067673807,0.597932130911,0.538948937756
2022-11-22,2022,1,0.5,0.538948937756,0.472981221917,0.587082122257,0.496596557799,0.608855235265,0.538948937756
2022-11-23,2022,1,0.5,0.538948937756,0.549016749868,0.571479497349,0.593704222037,0.500418921295,0.538948937756
2022-11-25,2022,0,0.5,0.538948937756,0.543245288248,0.572676544766,0.500869225478,0.604279285875,0.538948937756
2022-11-28,2022,0,0.5,0.538948937756,0.485942145316,0.584435737451,0.523339550942,0.579911444568,0.538948937756
2022-11-29,2022,0,0.5,0.538948937756,0.531490277092,0.575104907672,0.527143343599,0.575736560351,0.538948937756
2022-11-30,2022,1,0.5,0.538948937756,0.484713416506,0.58468661145,0.488941250784,0.61700754048,0.538948937756
2022-12-01,2022,0,0.5,0.538948937756,0.529925936034,0.575427197773,0.512964130847,0.591225912386,0.538948937756
2022-12-02,2022,0,0.5,0.538948937756,0.477839126454,0.586090128361,0.510061947112,0.59437150252,0.538948937756
2022-12-05,2022,0,0.5,0.538948937756,0.503346796279,0.58087982524,0.522562632694,0.580762393048,0.538948937756
2022-12-06,2022,0,0.5,0.538948937756,0.495925867698,0.582396733161,0.522908415239,0.580383735929,0.538948937756
2022-12-07,2022,0,0.5,0.538948937756,0.436757735307,0.594502028941,0.49585475951,0.609647801272,0.538948937756
2022-12-08,2022,1,0.5,0.538948937756,0.520596247166,0.577345694691,0.549651581858,0.550741424669,0.538948937756
2022-12-09,2022,0,0.5,0.538948937756,0.513870774395,0.578725328979,0.514866507191,0.589159403541,0.538948937756
2022-12-12,2022,1,0.5,0.538948937756,0.521219259879,0.577217761255,0.504193759085,0.600705989028,0.538948937756
2022-12-13,2022,1,0.5,0.538948937756,0.518338183686,0.577809185628,0.514896153584,0.589127170667,0.538948937756
2022-12-14,2022,0,0.5,0.538948937756,0.513478909362,0.578805640214,0.499284942471,0.605978182329,0.538948937756
2022-12-15,2022,0,0.5,0.538948937756,0.506905650865,0.580151751242,0.527618942279,0.575213555527,0.538948937756
2022-12-16,2022,0,0.5,0.538948937756,0.502230368905,0.581108134894,0.506879858366,0.597810749859,0.538948937756
2022-12-19,2022,0,0.5,0.538948937756,0.532347762364,0.574928165228,0.53156941686,0.570860677474,0.538948937756
2022-12-20,2022,1,0.5,0.538948937756,0.489672845833,0.583673959225,0.488824905126,0.617130978813,0.538948937756
2022-12-21,2022,1,0.5,0.538948937756,0.544326380498,0.572452574952,0.508647380662,0.59590164353,0.538948937756
2022-12-22,2022,0,0.5,0.538948937756,0.541894557639,0.572956215371,0.513935468591,0.590171222597,0.538948937756
2022-12-23,2022,1,0.5,0.538948937756,0.516627332252,0.578160161095,0.504798585394,0.60005470555,0.538948937756
2022-12-27,2022,0,0.5,0.538948937756,0.502492928889,0.581054444931,0.490697679563,0.615142357665,0.538948937756
2022-12-28,2022,0,0.5,0.538948937756,0.493566704644,0.58287868839,0.490520778641,0.615330354405,0.538948937756
2022-12-29,2022,1,0.5,0.538948937756,0.549610059657,0.571356242835,0.499720265001,0.605511620042,0.538948937756
2022-12-30,2022,0,0.5,0.538948937756,0.538192027954,0.57372194881,0.543839018679,0.557243559563,0.538948937756
2023-01-03,2023,0,0.5,0.535662650602,0.521702592381,0.418503129003,0.526097730135,0.426805307549,0.535662650602
2023-01-04,2023,1,0.5,0.535662650602,0.544642591196,0.432919834202,0.532924210508,0.429337166605,0.535662650602
2023-01-05,2023,0,0.5,0.535662650602,0.520748682143,0.417908128588,0.517159599156,0.423501376648,0.535662650602
2023-01-06,2023,1,0.5,0.535662650602,0.452430080716,0.37599267951,0.479367857894,0.409630117419,0.535662650602
2023-01-09,2023,1,0.5,0.535662650602,0.514651935957,0.414113038983,0.494036785816,0.415000053975,0.535662650602
2023-01-10,2023,1,0.5,0.535662650602,0.547810476775,0.434928251025,0.523386496791,0.425801854631,0.535662650602
2023-01-11,2023,1,0.5,0.535662650602,0.503932029308,0.407470902962,0.528809092795,0.427809981542,0.535662650602
2023-01-12,2023,1,0.5,0.535662650602,0.538340276997,0.428937447095,0.544317968363,0.433581868147,0.535662650602
2023-01-13,2023,1,0.5,0.535662650602,0.52643099905,0.421457483663,0.519789320424,0.424472226283,0.535662650602
2023-01-17,2023,0,0.5,0.535662650602,0.519590517782,0.417186172424,0.530239239824,0.428340401863,0.535662650602
2023-01-18,2023,0,0.5,0.535662650602,0.539409580832,0.429611919015,0.550056376024,0.435729712286,0.535662650602
2023-01-19,2023,0,0.5,0.535662650602,0.564184417793,0.445385080281,0.551692788116,0.436343544749,0.535662650602
2023-01-20,2023,1,0.5,0.535662650602,0.497061402046,0.403232914724,0.529484453327,0.42806041975,0.535662650602
2023-01-23,2023,1,0.5,0.535662650602,0.537309485765,0.428287727603,0.540231282729,0.432056479711,0.535662650602
2023-01-24,2023,0,0.5,0.535662650602,0.546568246187,0.434140143736,0.5499139419,0.435676312704,0.535662650602
2023-01-25,2023,0,0.5,0.535662650602,0.530328788384,0.423899316019,0.543590902342,0.433310234978,0.535662650602
2023-01-26,2023,1,0.5,0.535662650602,0.526679439643,0.421612946664,0.53723190891,0.430939051496,0.535662650602
2023-01-27,2023,1,0.5,0.535662650602,0.514272359071,0.413877193992,0.507986988982,0.420122057241,0.535662650602
2023-01-30,2023,0,0.5,0.535662650602,0.55647362797,0.440444451912,0.533919373849,0.429706932572,0.535662650602
2023-01-31,2023,1,0.5,0.535662650602,0.531062834872,0.424359841648,0.539839576207,0.431910448525,0.535662650602
2023-02-01,2023,1,0.5,0.535662650602,0.545317598401,0.433347403939,0.542968735446,0.433077879251,0.535662650602
2023-02-02,2023,1,0.5,0.535662650602,0.573243942849,0.45122940061,0.545321106812,0.433956824119,0.535662650602
2023-02-03,2023,0,0.5,0.535662650602,0.557623711979,0.441179471188,0.544883933068,0.433793390017,0.535662650602
2023-02-06,2023,0,0.5,0.535662650602,0.521352450849,0.418284689744,0.547919611995,0.434929099165,0.535662650602
2023-02-07,2023,1,0.5,0.535662650602,0.52832768121,0.422644947806,0.553496117463,0.437020702507,0.535662650602
2023-02-08,2023,0,0.5,0.535662650602,0.531691809643,0.424754619038,0.540132984708,0.432019830612,0.535662650602
2023-02-09,2023,0,0.5,0.535662650602,0.506086665906,0.408802927021,0.541105803675,0.432382617546,0.535662650602
2023-02-10,2023,1,0.5,0.535662650602,0.580379218379,0.455864190657,0.539571248112,0.431810431188,0.535662650602
2023-02-13,2023,1,0.5,0.535662650602,0.55093126225,0.436911303861,0.539976080572,0.431961334962,0.535662650602
2023-02-14,2023,1,0.5,0.535662650602,0.569453035102,0.448778520828,0.55007014114,0.43573487317,0.535662650602
2023-02-15,2023,1,0.5,0.535662650602,0.571080428733,0.449829695845,0.560314146138,0.439587946739,0.535662650602
2023-02-16,2023,0,0.5,0.535662650602,0.57571703355,0.452832561236,0.568545471042,0.44270320989,0.535662650602
2023-02-17,2023,0,0.5,0.535662650602,0.528124193672,0.422517482473,0.535908009687,0.430446374596,0.535662650602
2023-02-21,2023,0,0.5,0.535662650602,0.552276564813,0.437767558715,0.538502317717,0.431412134719,0.535662650602
2023-02-22,2023,0,0.5,0.535662650602,0.532311470018,0.425143705952,0.546592115418,0.434432211907,0.535662650602
2023-02-23,2023,1,0.5,0.535662650602,0.568853017481,0.448391314717,0.559937279676,0.43944574175,0.535662650602
2023-02-24,2023,0,0.5,0.535662650602,0.567278702277,0.447376285603,0.565772702524,0.441651786948,0.535662650602
2023-02-27,2023,1,0.5,0.535662650602,0.5111046024,0.411910872905,0.541337121719,0.432468909235,0.535662650602
2023-02-28,2023,0,0.5,0.535662650602,0.610387803955,0.475698209571,0.602361513468,0.45571872703,0.535662650602
2023-03-01,2023,0,0.5,0.535662650602,0.564430956396,0.445543547136,0.551644866966,0.436325560422,0.535662650602
2023-03-02,2023,1,0.5,0.535662650602,0.533313015054,0.425772908433,0.534697742629,0.429996270173,0.535662650602
2023-03-03,2023,1,0.5,0.535662650602,0.581548674617,0.456626606536,0.557479881535,0.438519354753,0.535662650602
2023-03-06,2023,0,0.5,0.535662650602,0.539552240226,0.429701939552,0.518889880752,0.424140059201,0.535662650602
2023-03-07,2023,0,0.5,0.535662650602,0.506468783704,0.409039310799,0.546935246719,0.434560610679,0.535662650602
2023-03-08,2023,1,0.5,0.535662650602,0.566766458115,0.447046303554,0.55726440892,0.438438197721,0.535662650602
2023-03-09,2023,0,0.5,0.535662650602,0.525745156964,0.421028437552,0.562804964231,0.440528736905,0.535662650602
2023-03-10,2023,0,0.5,0.535662650602,0.556368242616,0.440377132551,0.567695950224,0.442380849927,0.535662650602
2023-03-13,2023,0,0.5,0.535662650602,0.569499881071,0.448808759827,0.633208698404,0.467977180408,0.535662650602
2023-03-14,2023,1,0.5,0.535662650602,0.638112198279,0.494589686753,0.57181777302,0.443946819051,0.535662650602
2023-03-15,2023,0,0.5,0.535662650602,0.50276123909,0.406747714884,0.534986414816,0.430103604337,0.535662650602
2023-03-16,2023,1,0.5,0.535662650602,0.591254415038,0.462985708144,0.568141105638,0.442549744013,0.535662650602
2023-03-17,2023,0,0.5,0.535662650602,0.534838768315,0.426732223046,0.634297915332,0.468418144727,0.535662650602
2023-03-20,2023,1,0.5,0.535662650602,0.566959113758,0.447170393916,0.553939380769,0.437187266072,0.535662650602
2023-03-21,2023,1,0.5,0.535662650602,0.495435144169,0.402231839911,0.538771396884,0.431512375987,0.535662650602
2023-03-22,2023,0,0.5,0.535662650602,0.508948582672,0.410574495189,0.52708054606,0.427169343876,0.535662650602
2023-03-23,2023,1,0.5,0.535662650602,0.551735238229,0.437422913784,0.563057292133,0.440624131877,0.535662650602
2023-03-24,2023,1,0.5,0.535662650602,0.592459527184,0.463779323167,0.559979640533,0.439461724194,0.535662650602
2023-03-27,2023,1,0.5,0.535662650602,0.525535465089,0.420897295395,0.524053898002,0.42604876011,0.535662650602
2023-03-28,2023,0,0.5,0.535662650602,0.494488426523,0.401649417886,0.536502979637,0.430667746482,0.535662650602
2023-03-29,2023,1,0.5,0.535662650602,0.557252704559,0.440942289063,0.539223560731,0.431680854233,0.535662650602
2023-03-30,2023,1,0.5,0.535662650602,0.540734219281,0.430448125806,0.536262975388,0.430578439573,0.535662650602
2023-03-31,2023,1,0.5,0.535662650602,0.545319732329,0.433348755957,0.53256724273,0.429204573619,0.535662650602
2023-04-03,2023,1,0.5,0.535662650602,0.529726011755,0.423521306785,0.517432661856,0.423602142298,0.535662650602
2023-04-04,2023,0,0.5,0.535662650602,0.493341455637,0.400944138748,0.49983314704,0.417126059042,0.535662650602
2023-04-05,2023,0,0.5,0.535662650602,0.565324958796,0.446118447374,0.553772263793,0.43712446365,0.535662650602
2023-04-06,2023,1,0.5,0.535662650602,0.508326395,0.410189126013,0.521577892121,0.425133099241,0.535662650602
2023-04-10,2023,1,0.5,0.535662650602,0.536441561831,0.427741012831,0.546715540435,0.434478394276,0.535662650602
2023-04-11,2023,1,0.5,0.535662650602,0.533151373844,0.42567133267,0.539582791613,0.431814733653,0.535662650602
2023-04-12,2023,0,0.5,0.535662650602,0.545312277889,0.433344032969,0.54317449665,0.433154714424,0.535662650602
2023-04-13,2023,1,0.5,0.535662650602,0.572584018768,0.450802184329,0.636726350357,0.469403474629,0.535662650602
2023-04-14,2023,0,0.5,0.535662650602,0.575725035402,0.452837753924,0.541860917656,0.432664347662,0.535662650602
2023-04-17,2023,1,0.5,0.535662650602,0.517774364756,0.416055027539,0.550142532573,0.435762015216,0.535662650602
2023-04-18,2023,1,0.5,0.535662650602,0.554412896607,0.439129053438,0.545526093193,0.434033470659,0.535662650602
2023-04-19,2023,0,0.5,0.535662650602,0.564845893654,0.445810326347,0.551038900581,0.436098192708,0.535662650602
2023-04-20,2023,0,0.5,0.535662650602,0.529205407424,0.423194944692,0.531598497922,0.428844853916,0.535662650602
2023-04-21,2023,1,0.5,0.535662650602,0.598463234923,0.46774681247,0.554222843244,0.437293806127,0.535662650602
2023-04-24,2023,0,0.5,0.535662650602,0.573348313998,0.45129698958,0.542404486582,0.432867222453,0.535662650602
2023-04-25,2023,0,0.5,0.535662650602,0.554681171023,0.439300180795,0.498572333884,0.416663370538,0.535662650602
2023-04-26,2023,0,0.5,0.535662650602,0.574952226432,0.452336416565,0.546512717907,0.434402505198,0.535662650602
2023-04-27,2023,1,0.5,0.535662650602,0.594578741078,0.465177138782,0.555159050594,0.437645817587,0.535662650602
2023-04-28,2023,1,0.5,0.535662650602,0.524263335662,0.420102059313,0.519208881818,0.424257854605,0.535662650602
2023-05-01,2023,0,0.5,0.535662650602,0.561302778764,0.443535178785,0.524375323636,0.426167696167,0.535662650602
2023-05-02,2023,0,0.5,0.535662650602,0.608671838686,0.474547948127,0.550478116083,0.435887852498,0.535662650602
2023-05-03,2023,0,0.5,0.535662650602,0.594875336067,0.465372998746,0.53481240761,0.430038903109,0.535662650602
2023-05-04,2023,0,0.5,0.535662650602,0.604622112175,0.471841460731,0.547326350668,0.434706991753,0.535662650602
2023-05-05,2023,1,0.5,0.535662650602,0.587742882836,0.460678379836,0.54698367429,0.434578734189,0.535662650602
2023-05-08,2023,1,0.5,0.535662650602,0.532958054464,0.425549864241,0.516045772215,0.42309045653,0.535662650602
2023-05-09,2023,0,0.5,0.535662650602,0.599380295379,0.468354904033,0.554358492497,0.437344796959,0.535662650602
2023-05-10,2023,1,0.5,0.535662650602,0.559941556898,0.442662797389,0.555514092665,0.437779367272,0.535662650602
2023-05-11,2023,0,0.5,0.535662650602,0.600634317461,0.469187331184,0.538461820169,0.431397049197,0.535662650602
2023-05-12,2023,0,0.5,0.535662650602,0.543759717549,0.432360902987,0.536109836806,0.430521461487,0.535662650602
2023-05-15,2023,1,0.5,0.535662650602,0.580240675173,0.455773921517,0.535468431248,0.430282861913,0.535662650602
2023-05-16,2023,0,0.5,0.535662650602,0.58581896239,0.459417434141,0.549230287062,0.435420068885,0.535662650602
2023-05-17,2023,1,0.5,0.535662650602,0.575437823414,0.452651394354,0.543851413355,0.433407549721,0.535662650602
2023-05-18,2023,1,0.5,0.535662650602,0.561134998843,0.443427601191,0.544100602872,0.433500648477,0.535662650602
2023-05-19,2023,0,0.5,0.535662650602,0.581551426232,0.456628401368,0.535788956813,0.430402086232,0.535662650602
2023-05-22,2023,1,0.5,0.535662650602,0.569238955513,0.448640347817,0.541319689289,0.432462405807,0.535662650602
2023-05-23,2023,0,0.5,0.535662650602,0.604847711256,0.471991933725,0.567751255283,0.442401829943,0.535662650602
2023-05-24,2023,0,0.5,0.535662650602,0.541252427852,0.430775462766,0.531084765116,0.428654158324,0.535662650602
2023-05-25,2023,1,0.5,0.535662650602,0.604296424053,0.471624290468,0.54954005082,0.435536159909,0.535662650602
2023-05-26,2023,1,0.5,0.535662650602,0.627347023028,0.487182807877,0.561498396657,0.440035042272,0.535662650602
2023-05-30,2023,0,0.5,0.535662650602,0.579931350584,0.455572418353,0.552249964817,0.436552686394,0.535662650602
2023-05-31,2023,0,0.5,0.535662650602,0.59297569651,0.464119521449,0.557633088188,0.438577066479,0.535662650602
2023-06-01,2023,1,0.5,0.535662650602,0.619952510051,0.482148707705,0.553186975163,0.436904564479,0.535662650602
2023-06-02,2023,1,0.5,0.535662650602,0.580623805376,0.456023580872,0.534952881547,0.430091135206,0.535662650602
2023-06-05,2023,0,0.5,0.535662650602,0.52554342353,0.42090227233,0.531553834219,0.428828273105,0.535662650602
2023-06-06,2023,1,0.5,0.535662650602,0.60622414872,0.472910765264,0.556589689902,0.438184140754,0.535662650602
2023-06-07,2023,0,0.5,0.535662650602,0.585945795715,0.459500492162,0.55628446403,0.438069248303,0.535662650602
2023-06-08,2023,1,0.5,0.535662650602,0.557390387637,0.441030300852,0.55956309428,0.439304584047,0.535662650602
2023-06-09,2023,1,0.5,0.535662650602,0.609559247837,0.475142544503,0.560242025669,0.439560730353,0.535662650602
2023-06-12,2023,1,0.5,0.535662650602,0.639935114194,0.495853487816,0.57639303331,0.445690817766,0.535662650602
2023-06-13,2023,1,0.5,0.535662650602,0.590674389136,0.462604062212,0.563876220931,0.440933851198,0.535662650602
2023-06-14,2023,0,0.5,0.535662650602,0.553422479965,0.438497584652,0.566667806044,0.441990976097,0.535662650602
2023-06-15,2023,1,0.5,0.535662650602,0.595467795274,0.465764405143,0.559407768968,0.439245999515,0.535662650602
2023-06-16,2023,0,0.5,0.535662650602,0.577978223595,0.454301369115,0.537284239471,0.430958532616,0.535662650602
2023-06-20,2023,0,0.5,0.535662650602,0.56618661595,0.446672942753,0.548573897854,0.435174142626,0.535662650602
2023-06-21,2023,0,0.5,0.535662650602,0.591805334616,0.463348397682,0.559983092906,0.43946302677,0.535662650602
2023-06-22,2023,1,0.5,0.535662650602,0.584401331391,0.458489743433,0.529798966533,0.428177074209,0.535662650602
2023-06-23,2023,0,0.5,0.535662650602,0.612700707459,0.477251931189,0.576304780997,0.445657118678,0.535662650602
2023-06-26,2023,0,0.5,0.535662650602,0.587863526983,0.460757525612,0.555756264281,0.43787047794,0.535662650602
2023-06-27,2023,1,0.5,0.535662650602,0.544410685967,0.432772985575,0.540623380592,0.43220268718,0.535662650602
2023-06-28,2023,1,0.5,0.535662650602,0.593848137182,0.464694915945,0.559939676712,0.439446646123,0.535662650602
2023-06-29,2023,1,0.5,0.535662650602,0.597151581938,0.466878030845,0.552338427444,0.436585898288,0.535662650602
2023-06-30,2023,1,0.5,0.535662650602,0.57360089222,0.451460579867,0.542463062541,0.432889088189,0.535662650602
2023-07-03,2023,1,0.5,0.535662650602,0.602881859125,0.470681890814,0.55380409153,0.437136423979,0.535662650602
2023-07-05,2023,0,0.5,0.535662650602,0.544571475161,0.432874799062,0.535677806331,0.430360739978,0.535662650602
2023-07-06,2023,0,0.5,0.535662650602,0.572507408704,0.450752604678,0.572775196417,0.444311259643,0.535662650602
2023-07-07,2023,0,0.5,0.535662650602,0.585585872393,0.459264818219,0.560776123191,0.439762316306,0.535662650602
2023-07-10,2023,1,0.5,0.535662650602,0.532338080721,0.425160418379,0.547733592986,0.434859448395,0.535662650602
2023-07-11,2023,1,0.5,0.535662650602,0.543145106282,0.431972008285,0.561360577984,0.439982992438,0.535662650602
2023-07-12,2023,1,0.5,0.535662650602,0.546086909956,0.433834958671,0.529234411958,0.427967690112,0.535662650602
2023-07-13,2023,1,0.5,0.535662650602,0.570649364292,0.449551120617,0.551329426256,0.436207191833,0.535662650602
2023-07-14,2023,0,0.5,0.535662650602,0.539873824616,0.429904896914,0.53939261029,0.431743853071,0.535662650602
2023-07-17,2023,1,0.5,0.535662650602,0.556915925102,0.4407270473,0.545476266286,0.434014839039,0.535662650602
2023-07-18,2023,1,0.5,0.535662650602,0.541542602532,0.430958808515,0.543354117711,0.433221795493,0.535662650602
2023-07-19,2023,1,0.5,0.535662650602,0.502475221436,0.406571108425,0.526938467393,0.42711670812,0.535662650602
2023-07-20,2023,0,0.5,0.535662650602,0.522359905879,0.418913322908,0.531655975284,0.428866192141,0.535662650602
2023-07-21,2023,0,0.5,0.535662650602,0.560156652373,0.442800585857,0.528368383126,0.427646597996,0.535662650602
2023-07-24,2023,1,0.5,0.535662650602,0.565245022233,0.446067026135,0.550757866281,0.435992772853,0.535662650602
2023-07-25,2023,1,0.5,0.535662650602,0.53019595476,0.423816001894,0.525023160738,0.426407461935,0.535662650602
2023-07-26,2023,1,0.5,0.535662650602,0.57961503105,0.455366415808,0.551349616626,0.436214767553,0.535662650602
2023-07-27,2023,0,0.5,0.535662650602,0.540930375379,0.430572018067,0.533256674338,0.429460678168,0.535662650602
2023-07-28,2023,1,0.5,0.535662650602,0.562634618767,0.444389639797,0.551075092781,0.43611177021,0.535662650602
2023-07-31,2023,1,0.5,0.535662650602,0.569692559192,0.448933145678,0.558953169177,0.439074571587,0.535662650602
2023-08-01,2023,0,0.5,0.535662650602,0.54289851465,0.431816024629,0.547167270011,0.434647447575,0.535662650602
2023-08-02,2023,0,0.5,0.535662650602,0.526526609018,0.421517309286,0.533796049309,0.429661100073,0.535662650602
2023-08-03,2023,0,0.5,0.535662650602,0.578081770581,0.454368700067,0.546994080522,0.434582628678,0.535662650602
2023-08-04,2023,0,0.5,0.535662650602,0.549926946102,0.436272633614,0.540137236721,0.432021415878,0.535662650602
2023-08-07,2023,1,0.5,0.535662650602,0.518056391953,0.416230603435,0.522434245088,0.425449685877,0.535662650602
2023-08-08,2023,0,0.5,0.535662650602,0.539133348019,0.429437636155,0.555879221624,0.437916742806,0.535662650602
2023-08-09,2023,0,0.5,0.535662650602,0.559664669249,0.442485459551,0.546214238063,0.434290840598,0.535662650602
2023-08-10,2023,1,0.5,0.535662650602,0.541230297559,0.430761481332,0.552222096939,0.436542224215,0.535662650602
2023-08-11,2023,0,0.5,0.535662650602,0.544321061556,0.432716239422,0.560756148211,0.439754775781,0.535662650602
2023-08-14,2023,1,0.5,0.535662650602,0.539253678985,0.429513552244,0.531823421275,0.428928359035,0.535662650602
2023-08-15,2023,0,0.5,0.535662650602,0.54395603586,0.432485158522,0.560427061452,0.439630560698,0.535662650602
2023-08-16,2023,0,0.5,0.535662650602,0.566670736089,0.446984655856,0.557683141404,0.438595922382,0.535662650602
2023-08-17,2023,0,0.5,0.535662650602,0.527523587201,0.422141354598,0.54367116305,0.433340215129,0.535662650602
2023-08-18,2023,1,0.5,0.535662650602,0.521628860295,0.418457126754,0.523715100264,0.425923413151,0.535662650602
2023-08-21,2023,1,0.5,0.535662650602,0.545070689892,0.43319098101,0.549872405726,0.435660741352,0.535662650602
2023-08-22,2023,0,0.5,0.535662650602,0.534149059145,0.426298451237,0.5638029995,0.440906151599,0.535662650602
2023-08-23,2023,1,0.5,0.535662650602,0.580623077175,0.456023106273,0.557683141404,0.438595922382,0.535662650602
2023-08-24,2023,0,0.5,0.535662650602,0.533091026879,0.425633413208,0.562348698282,0.440356283519,0.535662650602
2023-08-25,2023,1,0.5,0.535662650602,0.511525320602,0.412171829519,0.534010536267,0.429740814062,0.535662650602
2023-08-28,2023,1,0.5,0.535662650602,0.548448016225,0.435332998848,0.549791705127,0.435630488891,0.535662650602
2023-08-29,2023,1,0.5,0.535662650602,0.507663709161,0.409778811942,0.536989866657,0.430848953069,0.535662650602
2023-08-30,2023,1,0.5,0.535662650602,0.503187461905,0.40701094023,0.548707529395,0.435224201984,0.535662650602
2023-08-31,2023,0,0.5,0.535662650602,0.52584365801,0.421090046315,0.55428462909,0.437317031012,0.535662650602
2023-09-01,2023,1,0.5,0.535662650602,0.492354096269,0.400337299776,0.53280045365,0.429291195494,0.535662650602
2023-09-05,2023,0,0.5,0.535662650602,0.502502440465,0.406587914193,0.514704772272,0.422595945113,0.535662650602
2023-09-06,2023,0,0.5,0.535662650602,0.531748248368,0.424790050701,0.562882897453,0.440558198521,0.535662650602
2023-09-07,2023,0,0.5,0.535662650602,0.534794088306,0.426704116958,0.550762112107,0.435994365387,0.535662650602
2023-09-08,2023,1,0.5,0.535662650602,0.542891713525,0.431811722899,0.552345204167,0.436588442576,0.535662650602
2023-09-11,2023,1,0.5,0.535662650602,0.505366072606,0.408357283787,0.527484006186,0.42731883126,0.535662650602
2023-09-12,2023,0,0.5,0.535662650602,0.564172662736,0.445377525306,0.639476851067,0.470523195744,0.535662650602
2023-09-13,2023,1,0.5,0.535662650602,0.498371153576,0.404039715811,0.522221482354,0.425371019049,0.535662650602
2023-09-14,2023,1,0.5,0.535662650602,0.552181335637,0.437706919355,0.564439048397,0.441146815844,0.535662650602
2023-09-15,2023,0,0.5,0.535662650602,0.509745139386,0.411068050092,0.517593839978,0.423661625061,0.535662650602
2023-09-18,2023,0,0.5,0.535662650602,0.529721408691,0.423518420697,0.520490426303,0.424731227908,0.535662650602
2023-09-19,2023,0,0.5,0.535662650602,0.538872812542,0.429273287099,0.572545587542,0.444223835365,0.535662650602
2023-09-20,2023,0,0.5,0.535662650602,0.548380562637,0.435290166474,0.547810853446,0.434888375974,0.535662650602
2023-09-21,2023,0,0.5,0.535662650602,0.521969398281,0.418669608887,0.526988780871,0.427135347335,0.535662650602
2023-09-22,2023,0,0.5,0.535662650602,0.527518441606,0.422138132792,0.542552104531,0.432922327886,0.535662650602
2023-09-25,2023,1,0.5,0.535662650602,0.555349405298,0.439726586546,0.549791705127,0.435630488891,0.535662650602
2023-09-26,2023,0,0.5,0.535662650602,0.518183113611,0.416309503193,0.535964589683,0.430467423609,0.535662650602
2023-09-27,2023,1,0.5,0.535662650602,0.564552669304,0.445621791797,0.56457772943,0.44119930342,0.535662650602
2023-09-28,2023,1,0.5,0.535662650602,0.526971694143,0.421795856926,0.537568858027,0.431064496793,0.535662650602
2023-09-29,2023,0,0.5,0.535662650602,0.533115242201,0.425648628907,0.535829645536,0.430417222378,0.535662650602
2023-10-02,2023,0,0.5,0.535662650602,0.530730233426,0.424151147708,0.533397938672,0.429513164375,0.535662650602
2023-10-03,2023,0,0.5,0.535662650602,0.563026271901,0.444641083004,0.569594622845,0.443101600153,0.535662650602
2023-10-04,2023,1,0.5,0.535662650602,0.528433890691,0.422711484243,0.5469458964,0.434564596167,0.535662650602
2023-10-05,2023,0,0.5,0.535662650602,0.52128168496,0.418240547231,0.543513032361,0.433281149121,0.535662650602
2023-10-06,2023,1,0.5,0.535662650602,0.525887997312,0.421117780122,0.530112244781,0.42829328728,0.535662650602
2023-10-09,2023,1,0.5,0.535662650602,0.543495843052,0.432193916146,0.537655326296,0.431096692193,0.535662650602
2023-10-10,2023,1,0.5,0.535662650602,0.538575752567,0.429085933296,0.534109170053,0.429777474059,0.535662650602
2023-10-11,2023,1,0.5,0.535662650602,0.518056245069,0.416230511986,0.510063493686,0.420886172535,0.535662650602
2023-10-12,2023,0,0.5,0.535662650602,0.511236443587,0.41199264294,0.522335659578,0.425413234059,0.535662650602
2023-10-13,2023,0,0.5,0.535662650602,0.538433664426,0.428996332523,0.545402941346,0.433987421833,0.535662650602
2023-10-16,2023,1,0.5,0.535662650602,0.555319252169,0.439707340926,0.55445985949,0.437382903871,0.535662650602
2023-10-17,2023,1,0.5,0.535662650602,0.530603477489,0.424071625121,0.560880293788,0.439801642208,0.535662650602
2023-10-18,2023,0,0.5,0.535662650602,0.528351895401,0.422660116741,0.53529475509,0.430218268381,0.535662650602
2023-10-19,2023,0,0.5,0.535662650602,0.592462797589,0.463781478104,0.652064420019,0.475700396824,0.535662650602
2023-10-20,2023,0,0.5,0.535662650602,0.576586488303,0.453396992614,0.569535563661,0.443079165624,0.535662650602
2023-10-23,2023,0,0.5,0.535662650602,0.547276526673,0.434589411247,0.550534596526,0.435909034068,0.535662650602
2023-10-24,2023,1,0.5,0.535662650602,0.542991103237,0.431874589188,0.5469458964,0.434564596167,0.535662650602
2023-10-25,2023,0,0.5,0.535662650602,0.569509519533,0.448814981585,0.557683141404,0.438595922382,0.535662650602
2023-10-26,2023,0,0.5,0.535662650602,0.538438400648,0.428999319046,0.537554526134,0.431059160627,0.535662650602
2023-10-27,2023,0,0.5,0.535662650602,0.527206241659,0.421942674609,0.537554526134,0.431059160627,0.535662650602
2023-10-30,2023,1,0.5,0.535662650602,0.574171623478,0.45183036238,0.54367116305,0.433340215129,0.535662650602
2023-10-31,2023,1,0.5,0.535662650602,0.526482473598,0.421489692178,0.536122990157,0.430526355267,0.535662650602
2023-11-01,2023,1,0.5,0.535662650602,0.573166989566,0.451179570839,0.557790766704,0.438636468769,0.535662650602
2023-11-02,2023,1,0.5,0.535662650602,0.523819705757,0.419824880598,0.553366351812,0.436971949649,0.535662650602
2023-11-03,2023,1,0.5,0.535662650602,0.500630701018,0.405432778888,0.50829997096,0.42023719727,0.535662650602
2023-11-06,2023,1,0.5,0.535662650602,0.532460085338,0.4252370451,0.510039528444,0.420877350921,0.535662650602
2023-11-07,2023,1,0.5,0.535662650602,0.547059672641,0.43445183488,0.543978933083,0.433455190272,0.535662650602
2023-11-08,2023,0,0.5,0.535662650602,0.597204657963,0.466913164267,0.528340858395,0.427636394869,0.535662650602
2023-11-09,2023,0,0.5,0.535662650602,0.534429181988,0.426474602429,0.55255756993,0.43666817968,0.535662650602
2023-11-10,2023,1,0.5,0.535662650602,0.506697494505,0.409180817065,0.528288048508,0.427616819153,0.535662650602
2023-11-13,2023,0,0.5,0.535662650602,0.564347574112,0.445489948235,0.547908468555,0.434924926534,0.535662650602
2023-11-14,2023,1,0.5,0.535662650602,0.544643088928,0.432920149405,0.550745941073,0.435988299939,0.535662650602
2023-11-15,2023,1,0.5,0.535662650602,0.526817926025,0.421699615573,0.515479593697,0.422881641895,0.535662650602
2023-11-16,2023,0,0.5,0.535662650602,0.544246626063,0.432669112933,0.522753523995,0.4255677487,0.535662650602
2023-11-17,2023,1,0.5,0.535662650602,0.58248556494,0.457237981106,0.535614465181,0.430337179078,0.535662650602
2023-11-20,2023,1,0.5,0.535662650602,0.568209098054,0.447975992314,0.541993293504,0.432713748428,0.535662650602
2023-11-21,2023,0,0.5,0.535662650602,0.494998601084,0.401963246365,0.54471325055,0.433729592587,0.535662650602
2023-11-22,2023,1,0.5,0.535662650602,0.573460316697,0.451369527316,0.572815179018,0.444326484712,0.535662650602
2023-11-24,2023,1,0.5,0.535662650602,0.591312911191,0.463024209169,0.642056144854,0.471576879731,0.535662650602
2023-11-27,2023,0,0.5,0.535662650602,0.532743835985,0.425415282031,0.53370946599,0.429628923768,0.535662650602
2023-11-28,2023,1,0.5,0.535662650602,0.556064147843,0.440182909566,0.545310645432,0.433952912739,0.535662650602
2023-11-29,2023,1,0.5,0.535662650602,0.575401478836,0.452627815215,0.531459240681,0.428793157648,0.535662650602
2023-11-30,2023,1,0.5,0.535662650602,0.549060516188,0.435722026441,0.483960008386,0.411309902835,0.535662650602
2023-12-01,2023,1,0.5,0.535662650602,0.550405233516,0.436576729947,0.526858441927,0.427087062597,0.535662650602
2023-12-04,2023,0,0.5,0.535662650602,0.560499039676,0.443019964502,0.544112901857,0.433505243789,0.535662650602
2023-12-05,2023,0,0.5,0.535662650602,0.573260062155,0.451239838803,0.537130420879,0.430901271982,0.535662650602
2023-12-06,2023,0,0.5,0.535662650602,0.584653818305,0.458654881392,0.564408540033,0.44113526982,0.535662650602
2023-12-07,2023,1,0.5,0.535662650602,0.589601202043,0.461898478222,0.539440173551,0.431761579235,0.535662650602
2023-12-08,2023,1,0.5,0.535662650602,0.516486790404,0.41525380779,0.519706538858,0.42444164988,0.535662650602
2023-12-11,2023,1,0.5,0.535662650602,0.530301759493,0.423882362751,0.520011733131,0.424554382046,0.535662650602
2023-12-12,2023,1,0.5,0.535662650602,0.588669788802,0.46128668383,0.541648243838,0.432584988265,0.535662650602
2023-12-13,2023,1,0.5,0.535662650602,0.589628935892,0.461916703287,0.543051155916,0.433108655588,0.535662650602
2023-12-14,2023,1,0.5,0.535662650602,0.523696258459,0.419747764256,0.538898030952,0.431559556395,0.535662650602
2023-12-15,2023,0,0.5,0.535662650602,0.496913353333,0.403141748859,0.530811065845,0.42855258089,0.535662650602
2023-12-18,2023,1,0.5,0.535662650602,0.587036962509,0.460215455389,0.535990136023,0.430476927609,0.535662650602
2023-12-19,2023,1,0.5,0.535662650602,0.579803644758,0.455489243185,0.543718506616,0.433357900214,0.535662650602
2023-12-20,2023,0,0.5,0.535662650602,0.509703942086,0.411042518683,0.529163408168,0.427941359762,0.535662650602
2023-12-21,2023,1,0.5,0.535662650602,0.534613674164,0.426590635306,0.532013858087,0.428999067585,0.535662650602
2023-12-22,2023,1,0.5,0.535662650602,0.567916404132,0.447787280478,0.554990395909,0.437582388431,0.535662650602
2023-12-26,2023,1,0.5,0.535662650602,0.564586989142,0.445643856123,0.542339027982,0.432842788334,0.535662650602
2023-12-27,2023,1,0.5,0.535662650602,0.524812631048,0.420445360556,0.534312985342,0.429853233277,0.535662650602
2023-12-28,2023,0,0.5,0.535662650602,0.576176590837,0.453130842813,0.542927332443,0.433062419629,0.535662650602
2023-12-29,2023,0,0.5,0.535662650602,0.546004266252,0.433782570041,0.529766642953,0.428165084467,0.535662650602
2024-01-02,2024,0,0.5,0.535906432749,0.56587510767,0.553961891349,0.590170570618,0.492423837464,0.492423837464
2024-01-03,2024,0,0.5,0.535906432749,0.539276800283,0.534369025751,0.553811656748,0.528130452232,0.528130452232
2024-01-04,2024,0,0.5,0.535906432749,0.560368174741,0.549897965676,0.536926778114,0.544423268219,0.544423268219
2024-01-05,2024,1,0.5,0.535906432749,0.573026874883,0.559246865745,0.552135070767,0.529756251235,0.529756251235
2024-01-08,2024,1,0.5,0.535906432749,0.542361754261,0.536637453448,0.484719867055,0.593714484153,0.593714484153
2024-01-09,2024,0,0.5,0.535906432749,0.58725638334,0.569790329652,0.519013890123,0.561516485603,0.561516485603
2024-01-10,2024,1,0.5,0.535906432749,0.583389964897,0.56692141679,0.596560545329,0.486057217554,0.486057217554
2024-01-11,2024,0,0.5,0.535906432749,0.532945608067,0.529715963775,0.556265025261,0.525748181819,0.525748181819
2024-01-12,2024,0,0.5,0.535906432749,0.551355026237,0.543255659165,0.550480030684,0.531359411632,0.531359411632
2024-01-16,2024,0,0.5,0.535906432749,0.510093529822,0.512937898969,0.551418239392,0.530450825025,0.530450825025
2024-01-17,2024,0,0.5,0.535906432749,0.541370459567,0.53590844364,0.576080547302,0.506364544984,0.506364544984
2024-01-18,2024,1,0.5,0.535906432749,0.523378615305,0.522689547667,0.55596047528,0.526044114429,0.526044114429
2024-01-19,2024,1,0.5,0.535906432749,0.52729891197,0.525568210555,0.559660213206,0.522445046634,0.522445046634
2024-01-22,2024,1,0.5,0.535906432749,0.483375945676,0.493321785383,0.519356241703,0.561191608221,0.561191608221
2024-01-23,2024,1,0.5,0.535906432749,0.522691781065,0.522185274454,0.576036317637,0.506408096829,0.506408096829
2024-01-24,2024,0,0.5,0.535906432749,0.519474790744,0.519823584744,0.596570273367,0.486047503684,0.486047503684
2024-01-25,2024,1,0.5,0.535906432749,0.512351179574,0.514594862739,0.583770068748,0.498773056551,0.498773056551
2024-01-26,2024,0,0.5,0.535906432749,0.507168395189,0.510791067933,0.52184658344,0.558826276821,0.558826276821
2024-01-29,2024,1,0.5,0.535906432749,0.48674915088,0.495800043442,0.460323300758,0.616218526428,0.616218526428
2024-01-30,2024,0,0.5,0.535906432749,0.536492540531,0.532322385923,0.586571274366,0.495997707536,0.495997707536
2024-01-31,2024,0,0.5,0.535906432749,0.501202277982,0.506412191924,0.52396828872,0.556808153698,0.556808153698
2024-02-01,2024,1,0.5,0.535906432749,0.545172355624,0.538704901496,0.556547121806,0.525474014517,0.525474014517
2024-02-02,2024,1,0.5,0.535906432749,0.543108813181,0.537186908755,0.621126060394,0.461315974487,0.461315974487
2024-02-05,2024,0,0.5,0.535906432749,0.488242086043,0.496896663667,0.567579323809,0.514711788092,0.514711788092
2024-02-06,2024,1,0.5,0.535906432749,0.569102882776,0.556346072306,0.577421176936,0.505043844626,0.505043844626
2024-02-07,2024,1,0.5,0.535906432749,0.565769132849,0.553883641959,0.609112307931,0.473468977831,0.473468977831
2024-02-08,2024,1,0.5,0.535906432749,0.491413182178,0.499225558926,0.52594862593,0.554922060062,0.554922060062
2024-02-09,2024,1,0.5,0.535906432749,0.564667099729,0.553070030087,0.678576034222,0.401708245052,0.401708245052
2024-02-12,2024,1,0.5,0.535906432749,0.545377230563,0.538855635266,0.617845223311,0.464645112742,0.464645112742
2024-02-13,2024,0,0.5,0.535906432749,0.491026045291,0.498941267565,0.580964740068,0.50154719896,0.50154719896
2024-02-14,2024,1,0.5,0.535906432749,0.582634421731,0.566361168306,0.571852816871,0.510521639196,0.510521639196
2024-02-15,2024,1,0.5,0.535906432749,0.555244708753,0.546120906109,0.573933414315,0.508477278665,0.508477278665
2024-02-16,2024,0,0.5,0.535906432749,0.501894278844,0.506920117684,0.577538058408,0.504928644101,0.504928644101
2024-02-20,2024,0,0.5,0.535906432749,0.557089629107,0.547480590115,0.550227761891,0.531603620729,0.531603620729
2024-02-21,2024,0,0.5,0.535906432749,0.627563292286,0.599928344224,0.643219374544,0.438691718812,0.438691718812
2024-02-22,2024,1,0.5,0.535906432749,0.526756973359,0.525170224255,0.542698042997,0.538874379032,0.538874379032
2024-02-23,2024,1,0.5,0.535906432749,0.562986650746,0.551829743534,0.566724905166,0.515548111646,0.515548111646
2024-02-26,2024,0,0.5,0.535906432749,0.570153311378,0.557122337374,0.576938192213,0.505519786981,0.505519786981
2024-02-27,2024,1,0.5,0.535906432749,0.582583921496,0.566323725722,0.598921185416,0.4836980981,0.4836980981
2024-02-28,2024,0,0.5,0.535906432749,0.577129925118,0.562282970308,0.619346601853,0.463122595086,0.463122595086
2024-02-29,2024,1,0.5,0.535906432749,0.551701095673,0.543510509428,0.627513857109,0.454811715993,0.454811715993
2024-03-01,2024,1,0.5,0.535906432749,0.53878237325,0.534005539435,0.569343365091,0.512983599162,0.512983599162
2024-03-04,2024,0,0.5,0.535906432749,0.566544912127,0.554456500834,0.579450816755,0.503042102436,0.503042102436
2024-03-05,2024,0,0.5,0.535906432749,0.526938658703,0.525303647856,0.521501403335,0.559154350419,0.559154350419
2024-03-06,2024,1,0.5,0.535906432749,0.574933525409,0.560657330117,0.523367166492,0.557380202757,0.557380202757
2024-03-07,2024,1,0.5,0.535906432749,0.576976535424,0.562169411179,0.550767236418,0.531081332897,0.531081332897
2024-03-08,2024,0,0.5,0.535906432749,0.554028905919,0.545225112685,0.538638367082,0.542779776144,0.542779776144
2024-03-11,2024,0,0.5,0.535906432749,0.5940518325,0.574840707664,0.541592346773,0.539939067856,0.539939067856
2024-03-12,2024,1,0.5,0.535906432749,0.564857079546,0.553210275396,0.505902182037,0.573906939385,0.573906939385
2024-03-13,2024,0,0.5,0.535906432749,0.565994723663,0.5540502152,0.576073589039,0.506371396698,0.506371396698
2024-03-14,2024,0,0.5,0.535906432749,0.553150962017,0.544578365364,0.567157600451,0.515124639538,0.515124639538
2024-03-15,2024,0,0.5,0.535906432749,0.554849716523,0.545829858672,0.559710580199,0.522395989617,0.522395989617
2024-03-18,2024,1,0.5,0.535906432749,0.547544328008,0.540450307567,0.548520331077,0.533255446808,0.533255446808
2024-03-19,2024,1,0.5,0.535906432749,0.549044770519,0.541554707726,0.59833127563,0.48428798921,0.48428798921
2024-03-20,2024,1,0.5,0.535906432749,0.549662829432,0.542009701394,0.593352909799,0.489256628773,0.489256628773
2024-03-21,2024,1,0.5,0.535906432749,0.533016509244,0.529768056177,0.624990836664,0.457384292534,0.457384292534
2024-03-22,2024,0,0.5,0.535906432749,0.517657344896,0.518489481123,0.55700001216,0.525033747857,0.525033747857
2024-03-25,2024,0,0.5,0.535906432749,0.592795158585,0.573905936241,0.630001442934,0.452270696486,0.452270696486
2024-03-26,2024,0,0.5,0.535906432749,0.529389312226,0.527103490908,0.537606325824,0.543770972816,0.543770972816
2024-03-27,2024,1,0.5,0.535906432749,0.549588903419,0.541955277373,0.541483887872,0.54004346342,0.54004346342
2024-03-28,2024,1,0.5,0.535906432749,0.522862281767,0.522310454255,0.537414231079,0.543955392685,0.543955392685
2024-04-01,2024,0,0.5,0.535906432749,0.55923617964,0.549063142213,0.57497862236,0.507449196891,0.507449196891
2024-04-02,2024,0,0.5,0.535906432749,0.56654325889,0.554455279932,0.547458381544,0.534281887679,0.534281887679
2024-04-03,2024,1,0.5,0.535906432749,0.561444142208,0.550691638662,0.536007268311,0.545305450329,0.545305450329
2024-04-04,2024,0,0.5,0.535906432749,0.545927414852,0.539260446231,0.595632688469,0.486983423148,0.486983423148
2024-04-05,2024,1,0.5,0.535906432749,0.549977782436,0.542241575348,0.52884965749,0.552154820586,0.552154820586
2024-04-08,2024,1,0.5,0.535906432749,0.575603741955,0.561153287657,0.558106130949,0.52395790942,0.52395790942
2024-04-09,2024,1,0.5,0.535906432749,0.58109053543,0.565216715331,0.602749759538,0.47986376984,0.47986376984
2024-04-10,2024,0,0.5,0.535906432749,0.547440491656,0.5403738878,0.539175537582,0.54226360502,0.54226360502
2024-04-11,2024,1,0.5,0.535906432749,0.577686958597,0.562695397182,0.592652681153,0.489954122465,0.489954122465
2024-04-12,2024,0,0.5,0.535906432749,0.575402964157,0.561004704168,0.590264993211,0.492329963347,0.492329963347
2024-04-15,2024,0,0.5,0.535906432749,0.541971355592,0.536350339062,0.556811275521,0.525217239644,0.525217239644
2024-04-16,2024,0,0.5,0.535906432749,0.536501423617,0.532328914696,0.56231022227,0.51986174454,0.51986174454
2024-04-17,2024,0,0.5,0.535906432749,0.604492869463,0.582622542166,0.666679600614,0.414262253004,0.414262253004
2024-04-18,2024,0,0.5,0.535906432749,0.535923670868,0.531904297937,0.5335283596,0.547681143904,0.547681143904
2024-04-19,2024,0,0.5,0.535906432749,0.543965173605,0.537816818775,0.548590784718,0.533187323879,0.533187323879
2024-04-22,2024,1,0.5,0.535906432749,0.535992028685,0.531954535908,0.535441282686,0.545848201515,0.545848201515
2024-04-23,2024,1,0.5,0.535906432749,0.532865212902,0.529656896364,0.491177688929,0.587702739411,0.587702739411
2024-04-24,2024,0,0.5,0.535906432749,0.564729650882,0.553116205459,0.554832261941,0.527139889339,0.527139889339
2024-04-25,2024,0,0.5,0.535906432749,0.540235738446,0.535074063428,0.493015765846,0.585987341438,0.585987341438
2024-04-26,2024,1,0.5,0.535906432749,0.549929922694,0.542206339443,0.538793711909,0.542630522451,0.542630522451
2024-04-29,2024,1,0.5,0.535906432749,0.556213136856,0.546834570627,0.541168264061,0.540347221093,0.540347221093
2024-04-30,2024,0,0.5,0.535906432749,0.512563890088,0.514750980057,0.533230981541,0.547965887356,0.547965887356
2024-05-01,2024,0,0.5,0.535906432749,0.547606878595,0.540496343069,0.555553345052,0.526439632351,0.526439632351
2024-05-02,2024,1,0.5,0.535906432749,0.550138142698,0.542359639695,0.571645958779,0.510724738777,0.510724738777
2024-05-03,2024,1,0.5,0.535906432749,0.512017544854,0.514349994856,0.536711879208,0.544629489785,0.544629489785
2024-05-06,2024,1,0.5,0.535906432749,0.507880457439,0.511313669509,0.582024278383,0.500500059809,0.500500059809
2024-05-07,2024,1,0.5,0.535906432749,0.528025982637,0.526102176517,0.574192238395,0.50822276279,0.50822276279
2024-05-08,2024,0,0.5,0.535906432749,0.517439118618,0.518329296878,0.552913552363,0.52900157298,0.52900157298
2024-05-09,2024,1,0.5,0.535906432749,0.48079099718,0.491422125471,0.501480102438,0.578063163143,0.578063163143
2024-05-10,2024,1,0.5,0.535906432749,0.507881500024,0.511314434689,0.519761362481,0.560807075422,0.560807075422
2024-05-13,2024,0,0.5,0.535906432749,0.516769782511,0.517837992128,0.60227132588,0.480343480685,0.480343480685
2024-05-14,2024,1,0.5,0.535906432749,0.561973395226,0.551082096515,0.540992480592,0.540516369059,0.540516369059
2024-05-15,2024,1,0.5,0.535906432749,0.551017404436,0.543007043324,0.540435436186,0.541052259596,0.541052259596
2024-05-16,2024,0,0.5,0.535906432749,0.516756239005,0.517828051053,0.588293144444,0.494289098466,0.494289098466
2024-05-17,2024,1,0.5,0.535906432749,0.556961685338,0.547386282717,0.537002289236,0.544350799396,0.544350799396
2024-05-20,2024,1,0.5,0.535906432749,0.518887408366,0.519392404616,0.520944080901,0.559683902772,0.559683902772
2024-05-21,2024,1,0.5,0.535906432749,0.54440641038,0.538141405156,0.549075374437,0.532718680525,0.532718680525
2024-05-22,2024,0,0.5,0.535906432749,0.521065236968,0.52099113625,0.532721025473,0.548454051392,0.548454051392
2024-05-23,2024,0,0.5,0.535906432749,0.54651335144,0.539691596598,0.532853306813,0.548327438097,0.548327438097
2024-05-24,2024,1,0.5,0.535906432749,0.552397400158,0.54402332039,0.5503939182,0.531442777435,0.531442777435
2024-05-28,2024,0,0.5,0.535906432749,0.519063617346,0.519521753429,0.527321426203,0.553613205186,0.553613205186
2024-05-29,2024,0,0.5,0.535906432749,0.563446757847,0.552169291548,0.560713328692,0.521418981871,0.521418981871
2024-05-30,2024,0,0.5,0.535906432749,0.543773992015,0.537676185958,0.525831243929,0.55503392166,0.55503392166
2024-05-31,2024,1,0.5,0.535906432749,0.539312559909,0.534395315823,0.578137064912,0.504338109711,0.504338109711
2024-06-03,2024,1,0.5,0.535906432749,0.495117061356,0.50194514336,0.518583670435,0.561924647375,0.561924647375
2024-06-04,2024,0,0.5,0.535906432749,0.541343825519,0.535888857863,0.58544332529,0.497115881878,0.497115881878
2024-06-05,2024,1,0.5,0.535906432749,0.560616356645,0.550081019003,0.594959486328,0.487655056018,0.487655056018
2024-06-06,2024,0,0.5,0.535906432749,0.534241306182,0.5306679902,0.548738634603,0.533044354941,0.533044354941
2024-06-07,2024,0,0.5,0.535906432749,0.52338520163,0.522694383431,0.510449335113,0.569621335821,0.569621335821
2024-06-10,2024,1,0.5,0.535906432749,0.527259332633,0.525539143975,0.550442045994,0.531396185322,0.531396185322
2024-06-11,2024,1,0.5,0.535906432749,0.558569229694,0.548571363736,0.553330202177,0.528597505095,0.528597505095
2024-06-12,2024,1,0.5,0.535906432749,0.540267329633,0.535097291464,0.538925217081,0.54250416201,0.54250416201
2024-06-13,2024,1,0.5,0.535906432749,0.537061628979,0.532740659134,0.570244916764,0.512099584815,0.512099584815
2024-06-14,2024,0,0.5,0.535906432749,0.546589985871,0.539747989203,0.571564249462,0.510804955727,0.510804955727
2024-06-17,2024,1,0.5,0.535906432749,0.551851765457,0.543621469113,0.569938207431,0.512400387668,0.512400387668
2024-06-18,2024,1,0.5,0.535906432749,0.511550130779,0.514006942555,0.559994559113,0.522119366104,0.522119366104
2024-06-20,2024,0,0.5,0.535906432749,0.49986777028,0.505432640195,0.540233650087,0.54124633542,0.54124633542
2024-06-21,2024,0,0.5,0.535906432749,0.547107256257,0.540128646387,0.524162775293,0.556623027021,0.556623027021
2024-06-24,2024,0,0.5,0.535906432749,0.588226952225,0.570511010565,0.632600765759,0.449610663026,0.449610663026
2024-06-25,2024,1,0.5,0.535906432749,0.519838229559,0.520090379456,0.469327056274,0.607950868309,0.607950868309
2024-06-26,2024,1,0.5,0.535906432749,0.587356907381,0.569864962527,0.490236322928,0.588580537552,0.588580537552
2024-06-27,2024,1,0.5,0.535906432749,0.563322952338,0.55207792292,0.551651866625,0.530224487614,0.530224487614
2024-06-28,2024,0,0.5,0.535906432749,0.548765000589,0.541348764632,0.505723577718,0.574075025101,0.574075025101
2024-07-01,2024,1,0.5,0.535906432749,0.52046152903,0.520547943063,0.496717095142,0.582527242097,0.582527242097
2024-07-02,2024,1,0.5,0.535906432749,0.556805104347,0.547270869762,0.563874118737,0.518335089446,0.518335089446
2024-07-03,2024,1,0.5,0.535906432749,0.540833796168,0.535513811671,0.525206199924,0.555629430561,0.555629430561
2024-07-05,2024,1,0.5,0.535906432749,0.558731979496,0.548691362364,0.56208181282,0.520084582584,0.520084582584
2024-07-08,2024,1,0.5,0.535906432749,0.572500643486,0.558857695797,0.521649804467,0.559013312504,0.559013312504
2024-07-09,2024,0,0.5,0.535906432749,0.571298866884,0.557969115266,0.483066591283,0.595249812543,0.595249812543
2024-07-10,2024,1,0.5,0.535906432749,0.532354943169,0.529282004129,0.437152024593,0.637298967323,0.637298967323
2024-07-11,2024,0,0.5,0.535906432749,0.537064205753,0.532742553089,0.501206497274,0.578319948778,0.578319948778
2024-07-12,2024,1,0.5,0.535906432749,0.57421710739,0.560127275099,0.547041209979,0.53468491652,0.53468491652
2024-07-15,2024,1,0.5,0.535906432749,0.575811569907,0.561307096439,0.595496550994,0.487119268443,0.487119268443
2024-07-16,2024,1,0.5,0.535906432749,0.591544009643,0.572975647108,0.532821603687,0.548357783768,0.548357783768
2024-07-17,2024,0,0.5,0.535906432749,0.57344118113,0.559553297167,0.571817989341,0.510555835895,0.510555835895
2024-07-18,2024,0,0.5,0.535906432749,0.481458622906,0.491912805546,0.536674413283,0.544665439979,0.544665439979
2024-07-19,2024,0,0.5,0.535906432749,0.609077209385,0.586048528016,0.607226687624,0.475367123023,0.475367123023
2024-07-22,2024,1,0.5,0.535906432749,0.625950491634,0.598712962111,0.602642527436,0.479971302095,0.479971302095
2024-07-23,2024,0,0.5,0.535906432749,0.589964416825,0.571801665874,0.589773850516,0.492818186758,0.492818186758
2024-07-24,2024,0,0.5,0.535906432749,0.625443855728,0.598331354424,0.638072927665,0.443994283704,0.443994283704
2024-07-25,2024,0,0.5,0.535906432749,0.60536171221,0.583271397648,0.581660530602,0.500859635644,0.500859635644
2024-07-26,2024,1,0.5,0.535906432749,0.616176235369,0.591365872404,0.616779810759,0.465724541701,0.465724541701
2024-07-29,2024,0,0.5,0.535906432749,0.58152564207,0.565539202188,0.632854847665,0.449350378331,0.449350378331
2024-07-30,2024,0,0.5,0.535906432749,0.598577299217,0.578210157546,0.581700595572,0.500820034539,0.500820034539
2024-07-31,2024,1,0.5,0.535906432749,0.617725752118,0.59252854498,0.610217353123,0.472355424475,0.472355424475
2024-08-01,2024,0,0.5,0.535906432749,0.595979917674,0.576275648453,0.536599713536,0.544737115076,0.544737115076
2024-08-02,2024,0,0.5,0.535906432749,0.605837943187,0.583627137429,0.570309461336,0.512036275363,0.512036275363
2024-08-05,2024,0,0.5,0.535906432749,0.652175716595,0.618597426135,0.59731529137,0.485303376662,0.485303376662
2024-08-06,2024,1,0.5,0.535906432749,0.629879835908,0.601675651429,0.597084429466,0.485534003456,0.485534003456
2024-08-07,2024,0,0.5,0.535906432749,0.609703009176,0.586516666361,0.578730538879,0.503752794098,0.503752794098
2024-08-08,2024,1,0.5,0.535906432749,0.620385340862,0.59452593367,0.578304611329,0.504172890277,0.504172890277
2024-08-09,2024,1,0.5,0.535906432749,0.630415170879,0.602079711786,0.586104989251,0.496460056114,0.496460056114
2024-08-12,2024,0,0.5,0.535906432749,0.565333647068,0.553562107732,0.552337813608,0.529559744556,0.529559744556
2024-08-13,2024,1,0.5,0.535906432749,0.557729164491,0.547952024596,0.576331237364,0.506117672242,0.506117672242
2024-08-14,2024,1,0.5,0.535906432749,0.558432280542,0.548470391246,0.541146702564,0.540367969714,0.540367969714
2024-08-15,2024,1,0.5,0.535906432749,0.471826090783,0.484829643163,0.505749612418,0.574050524823,0.574050524823
2024-08-16,2024,1,0.5,0.535906432749,0.557904823015,0.548081521153,0.49778904016,0.581523704352,0.581523704352
2024-08-19,2024,1,0.5,0.535906432749,0.508663123288,0.511888087536,0.518113115494,0.562370950488,0.562370950488
2024-08-20,2024,0,0.5,0.535906432749,0.502182893026,0.507131956597,0.531868164554,0.549270112404,0.549270112404
2024-08-21,2024,1,0.5,0.535906432749,0.555105617907,0.546018415667,0.603422779909,0.47918868218,0.47918868218
2024-08-22,2024,0,0.5,0.535906432749,0.490431246975,0.498504467312,0.53650232638,0.544830553802,0.544830553802
2024-08-23,2024,1,0.5,0.535906432749,0.473756785686,0.486250024888,0.519257560397,0.561285259818,0.561285259818
2024-08-26,2024,0,0.5,0.535906432749,0.487935349945,0.496671364246,0.563600127444,0.518602670412,0.518602670412
2024-08-27,2024,1,0.5,0.535906432749,0.509954607976,0.512835940536,0.498680883399,0.58068827501,0.58068827501
2024-08-28,2024,0,0.5,0.535906432749,0.495864574937,0.502493941334,0.576168339031,0.506278094823,0.506278094823
2024-08-29,2024,1,0.5,0.535906432749,0.521844262274,0.521563051174,0.522796715156,0.557922864032,0.557922864032
2024-08-30,2024,1,0.5,0.535906432749,0.48952940044,0.497842147195,0.508578646084,0.571385882215,0.571385882215
2024-09-03,2024,0,0.5,0.535906432749,0.508785431283,0.511977852376,0.504543908663,0.575184755401,0.575184755401
2024-09-04,2024,0,0.5,0.535906432749,0.522628162161,0.522138566413,0.515463961981,0.564881121043,0.564881121043
2024-09-05,2024,0,0.5,0.535906432749,0.575197347812,0.560852547712,0.577983687403,0.504489340642,0.504489340642
2024-09-06,2024,0,0.5,0.535906432749,0.537781898338,0.533270084337,0.571433915346,0.510932900295,0.510932900295
2024-09-09,2024,1,0.5,0.535906432749,0.534700330135,0.53100528997,0.521862534121,0.558811114906,0.558811114906
2024-09-10,2024,1,0.5,0.535906432749,0.570408328525,0.557310822842,0.595854860481,0.486761700553,0.486761700553
2024-09-11,2024,1,0.5,0.535906432749,0.533124968587,0.529847743897,0.517421543886,0.563026640907,0.563026640907
2024-09-12,2024,1,0.5,0.535906432749,0.538092477534,0.533498384371,0.512368584451,0.567808857216,0.567808857216
2024-09-13,2024,1,0.5,0.535906432749,0.526510418825,0.524989165477,0.54629002831,0.535410356981,0.535410356981
2024-09-16,2024,1,0.5,0.535906432749,0.520438321979,0.520530906571,0.460367601035,0.616177954051,0.616177954051
2024-09-17,2024,1,0.5,0.535906432749,0.475248095133,0.487346913491,0.540936879631,0.540569867199,0.540569867199
2024-09-18,2024,0,0.5,0.535906432749,0.513886013628,0.515721354266,0.553576919922,0.528358185778,0.528358185778
2024-09-19,2024,1,0.5,0.535906432749,0.512390711796,0.514623877089,0.525535571121,0.555315652392,0.555315652392
2024-09-20,2024,0,0.5,0.535906432749,0.496785980012,0.503170377457,0.491070010165,0.58780317222,0.58780317222
2024-09-23,2024,1,0.5,0.535906432749,0.533777136649,0.530326924197,0.57826405222,0.504212887791,0.504212887791
2024-09-24,2024,1,0.5,0.535906432749,0.515905644337,0.517203713349,0.585212414497,0.497344685639,0.497344685639
2024-09-25,2024,0,0.5,0.535906432749,0.513522460101,0.51545452157,0.558280493976,0.523788248195,0.523788248195
2024-09-26,2024,1,0.5,0.535906432749,0.492214722099,0.499814142092,0.554525954736,0.52743724971,0.52743724971
2024-09-27,2024,0,0.5,0.535906432749,0.512453324777,0.514669831404,0.532454968822,0.548708675614,0.548708675614
2024-09-30,2024,1,0.5,0.535906432749,0.517032865009,0.518031098217,0.49368432791,0.585362927445,0.585362927445
2024-10-01,2024,0,0.5,0.535906432749,0.500338813628,0.505778398747,0.513250963857,0.566974840816,0.566974840816
2024-10-02,2024,0,0.5,0.535906432749,0.539513692482,0.5345431882,0.525028955071,0.555798257317,0.555798257317
2024-10-03,2024,0,0.5,0.535906432749,0.523209476846,0.522565364632,0.538065392857,0.543330155112,0.543330155112
2024-10-04,2024,1,0.5,0.535906432749,0.503071628822,0.507784267576,0.535650649763,0.545647452131,0.545647452131
2024-10-07,2024,0,0.5,0.535906432749,0.501595061813,0.506700494777,0.526895464569,0.554019447051,0.554019447051
2024-10-08,2024,1,0.5,0.535906432749,0.527467841881,0.525692271497,0.546134830213,0.53556019276,0.53556019276
2024-10-09,2024,1,0.5,0.535906432749,0.537733112955,0.533234223954,0.5456312963,0.536046225078,0.536046225078
2024-10-10,2024,0,0.5,0.535906432749,0.52367442858,0.522906739263,0.508792702676,0.571184074636,0.571184074636
2024-10-11,2024,1,0.5,0.535906432749,0.513480775017,0.515423926617,0.530303100964,0.550766493463,0.550766493463
2024-10-14,2024,1,0.5,0.535906432749,0.515859556229,0.517169885025,0.533056409227,0.548133017514,0.548133017514
2024-10-15,2024,0,0.5,0.535906432749,0.513760423396,0.515629176224,0.51587626157,0.564490724791,0.564490724791
2024-10-16,2024,1,0.5,0.535906432749,0.533996375935,0.530488016657,0.519721863553,0.560844571338,0.560844571338
2024-10-17,2024,0,0.5,0.535906432749,0.522092796287,0.521745514801,0.523289243067,0.557454341568,0.557454341568
2024-10-18,2024,1,0.5,0.535906432749,0.497164497081,0.503448252126,0.523112939565,0.557622068865,0.557622068865
2024-10-21,2024,0,0.5,0.535906432749,0.55257710569,0.54415567843,0.561541118731,0.520611953827,0.520611953827
2024-10-22,2024,0,0.5,0.535906432749,0.554957408452,0.5459092088,0.623184348339,0.459223406439,0.459223406439
2024-10-23,2024,0,0.5,0.535906432749,0.511638382487,0.514071713582,0.521858946854,0.558814524795,0.558814524795
2024-10-24,2024,1,0.5,0.535906432749,0.528944455798,0.526776749468,0.521334427642,0.559313025556,0.559313025556
2024-10-25,2024,0,0.5,0.535906432749,0.562027953654,0.551122349473,0.573638279613,0.508767446796,0.508767446796
2024-10-28,2024,1,0.5,0.535906432749,0.585179297448,0.568248716586,0.518565195484,0.56194217263,0.56194217263
2024-10-29,2024,1,0.5,0.535906432749,0.556279682028,0.546883614275,0.541587081231,0.539944136297,0.539944136297
2024-10-30,2024,0,0.5,0.535906432749,0.584166848066,0.567497613731,0.571914650851,0.510460923247,0.510460923247
2024-10-31,2024,0,0.5,0.535906432749,0.523913444924,0.523082232076,0.4901609567,0.588650792926,0.588650792926
2024-11-01,2024,1,0.5,0.535906432749,0.545282681701,0.53878607179,0.505560651401,0.574228340016,0.574228340016
2024-11-04,2024,0,0.5,0.535906432749,0.563354598409,0.552101277542,0.549486512077,0.532320956284,0.532320956284
2024-11-05,2024,1,0.5,0.535906432749,0.561707921992,0.550886237805,0.561476064435,0.520675392464,0.520675392464
2024-11-06,2024,1,0.5,0.535906432749,0.554373129477,0.54547871489,0.536967662191,0.544384031773,0.544384031773
2024-11-07,2024,1,0.5,0.535906432749,0.457721904245,0.474440772183,0.567599091548,0.514692433367,0.514692433367
2024-11-08,2024,1,0.5,0.535906432749,0.592089461873,0.573381171632,0.554878865289,0.527094641981,0.527094641981
2024-11-11,2024,1,0.5,0.535906432749,0.545611924385,0.539028313008,0.591022466729,0.491576669825,0.491576669825
2024-11-12,2024,0,0.5,0.535906432749,0.501675083332,0.5067592301,0.559547686885,0.522554640416,0.522554640416
2024-11-13,2024,0,0.5,0.535906432749,0.502191451852,0.507138238637,0.565517497087,0.516729138755,0.516729138755
2024-11-14,2024,0,0.5,0.535906432749,0.560050642324,0.549663773748,0.546534203934,0.535174587451,0.535174587451
2024-11-15,2024,0,0.5,0.535906432749,0.542781381569,0.536946079295,0.550827828428,0.531022659766,0.531022659766
2024-11-18,2024,1,0.5,0.535906432749,0.522697801089,0.522189694273,0.56192851082,0.520234126334,0.520234126334
2024-11-19,2024,1,0.5,0.535906432749,0.586038615159,0.568886388424,0.620187597864,0.462269047295,0.462269047295
2024-11-20,2024,1,0.5,0.535906432749,0.618955869064,0.593452098058,0.604390173671,0.478217761906,0.478217761906
2024-11-21,2024,1,0.5,0.535906432749,0.566231886772,0.55422534195,0.584868905948,0.497684993149,0.497684993149
2024-11-22,2024,1,0.5,0.535906432749,0.577979257328,0.562911838611,0.598951486063,0.4836677919,0.4836677919
2024-11-25,2024,1,0.5,0.535906432749,0.552566512877,0.544147876426,0.550924766826,0.530928786471,0.530928786471
2024-11-26,2024,1,0.5,0.535906432749,0.529036321374,0.52684422268,0.517879589051,0.56259239247,0.56259239247
2024-11-27,2024,0,0.5,0.535906432749,0.569876192781,0.556917529071,0.549836953923,0.531981863582,0.531981863582
2024-11-29,2024,1,0.5,0.535906432749,0.551982762696,0.543717943271,0.579254365841,0.503235973087,0.503235973087
2024-12-02,2024,1,0.5,0.535906432749,0.558275252724,0.548354617928,0.548841025238,0.532945336455,0.532945336455
2024-12-03,2024,1,0.5,0.535906432749,0.557824795802,0.548022524077,0.57800800428,0.504465365133,0.504465365133
2024-12-04,2024,1,0.5,0.535906432749,0.582773102614,0.566463993724,0.569503891236,0.512826234577,0.512826234577
2024-12-05,2024,0,0.5,0.535906432749,0.583985231606,0.567362901472,0.532754626254,0.548421891363,0.548421891363
2024-12-06,2024,1,0.5,0.535906432749,0.525894625142,0.52453696643,0.538938362237,0.542491530531,0.542491530531
2024-12-09,2024,0,0.5,0.535906432749,0.573070892217,0.559279420624,0.600317129551,0.482301236892,0.482301236892
2024-12-10,2024,0,0.5,0.535906432749,0.551171717218,0.543120673567,0.561057037417,0.521083947363,0.521083947363
2024-12-11,2024,1,0.5,0.535906432749,0.522810038797,0.522272097905,0.549796602299,0.532020912351,0.532020912351
2024-12-12,2024,0,0.5,0.535906432749,0.576866900949,0.562088248132,0.586652713388,0.495916940964,0.495916940964
2024-12-13,2024,0,0.5,0.535906432749,0.516827259564,0.517880180928,0.547508485569,0.53423347491,0.53423347491
2024-12-16,2024,1,0.5,0.535906432749,0.5635795972,0.552267329738,0.578696356939,0.503786512513,0.503786512513
2024-12-17,2024,0,0.5,0.535906432749,0.585198327743,0.56826283663,0.570233832883,0.51211045632,0.51211045632
2024-12-18,2024,0,0.5,0.535906432749,0.554627519393,0.545666142858,0.565215884767,0.517024013171,0.517024013171
2024-12-19,2024,0,0.5,0.535906432749,0.59408134102,0.574862662004,0.591482767685,0.491118717724,0.491118717724
2024-12-20,2024,1,0.5,0.535906432749,0.571219511313,0.557910449497,0.60112024881,0.481496976483,0.481496976483
2024-12-23,2024,1,0.5,0.535906432749,0.524983278934,0.523867764848,0.576218732919,0.506228468708,0.506228468708
2024-12-24,2024,1,0.5,0.535906432749,0.549414070791,0.541826568751,0.578094216852,0.504380359671,0.504380359671
2024-12-26,2024,1,0.5,0.535906432749,0.556358168278,0.546941459216,0.6577144592,0.423648340302,0.423648340302
2024-12-27,2024,0,0.5,0.535906432749,0.530742149537,0.528097201928,0.606174218284,0.47642549315,0.47642549315
2024-12-30,2024,0,0.5,0.535906432749,0.501042646803,0.506295021935,0.534477454679,0.546772011151,0.546772011151
2024-12-31,2024,0,0.5,0.535906432749,0.533869676523,0.530394920168,0.55731600963,0.52472648076,0.52472648076
2025-01-02,2025,0,0.5,0.53601454215,0.50912231399,0.560710957028,0.528496143962,0.565578826489,0.560710957028
2025-01-03,2025,1,0.5,0.53601454215,0.530063170238,0.550074922698,0.557257093826,0.530165186778,0.550074922698
2025-01-06,2025,1,0.5,0.53601454215,0.557122618499,0.536178421919,0.551464870233,0.537363806441,0.536178421919
2025-01-07,2025,0,0.5,0.53601454215,0.49698134928,0.566842861645,0.542381712303,0.548586041199,0.566842861645
2025-01-08,2025,1,0.5,0.53601454215,0.487326624938,0.571705518293,0.516297862268,0.580337194022,0.571705518293
2025-01-10,2025,0,0.5,0.53601454215,0.489240398251,0.570742441384,0.549418134357,0.539899700028,0.570742441384
2025-01-13,2025,1,0.5,0.53601454215,0.489019446931,0.570853650585,0.553809477274,0.534453818741,0.570853650585
2025-01-14,2025,1,0.5,0.53601454215,0.482169843094,0.574298875806,0.543757786463,0.546891210564,0.574298875806
2025-01-15,2025,1,0.5,0.53601454215,0.492573473506,0.569064209949,0.52668763564,0.567777086947,0.569064209949
2025-01-16,2025,0,0.5,0.53601454215,0.501071680348,0.564779351205,0.528024176097,0.566152846072,0.564779351205
2025-01-17,2025,1,0.5,0.53601454215,0.525552750453,0.552373276685,0.525896155254,0.568738034847,0.552373276685
2025-01-21,2025,1,0.5,0.53601454215,0.493329107896,0.568683571149,0.504499451239,0.594454435044,0.568683571149
2025-01-22,2025,1,0.5,0.53601454215,0.515566654805,0.557446760427,0.537093187723,0.555081633141,0.557446760427
2025-01-23,2025,1,0.5,0.53601454215,0.48868451258,0.571022220203,0.521691038715,0.573832162283,0.571022220203
2025-01-24,2025,0,0.5,0.53601454215,0.487009302524,0.571865170925,0.551795923513,0.536953247468,0.571865170925
2025-01-27,2025,0,0.5,0.53601454215,0.479231462835,0.57577559495,0.537660525532,0.554386181402,0.57577559495
2025-01-28,2025,1,0.5,0.53601454215,0.419631271067,0.605697813572,0.532461491542,0.560746708391,0.605697813572
2025-01-29,2025,0,0.5,0.53601454215,0.579347357103,0.524593647184,0.549464759893,0.539841977135,0.524593647184
2025-01-30,2025,1,0.5,0.53601454215,0.482089032953,0.574339497033,0.513428790504,0.583784606769,0.574339497033
2025-01-31,2025,0,0.5,0.53601454215,0.526066514947,0.552111705325,0.54973907087,0.539502333923,0.552111705325
2025-02-03,2025,0,0.5,0.53601454215,0.526096917336,0.552096224869,0.548064081822,0.541575093685,0.552096224869
2025-02-04,2025,1,0.5,0.53601454215,0.502401359142,0.564108058807,0.584839466466,0.495461224226,0.564108058807
2025-02-05,2025,1,0.5,0.53601454215,0.520322579271,0.555032955742,0.550431624663,0.538644505946,0.555032955742
2025-02-06,2025,1,0.5,0.53601454215,0.472094346381,0.579359965665,0.552422278737,0.536176174124,0.579359965665
2025-02-07,2025,0,0.5,0.53601454215,0.495616438726,0.567530958234,0.545831644633,0.544333351999,0.567530958234
2025-02-10,2025,1,0.5,0.53601454215,0.548277062584,0.540743444316,0.566854233319,0.518167751284,0.540743444316
2025-02-11,2025,0,0.5,0.53601454215,0.540041773705,0.544973237958,0.540725817332,0.55062296214,0.544973237958
2025-02-12,2025,0,0.5,0.53601454215,0.483523643578,0.573618273671,0.535586596328,0.55692681708,0.573618273671
2025-02-13,2025,1,0.5,0.53601454215,0.574065571819,0.527363064381,0.548281917731,0.541305683896,0.527363064381
2025-02-14,2025,1,0.5,0.53601454215,0.546801125222,0.541502893778,0.546896227881,0.543018639817,0.541502893778
2025-02-18,2025,1,0.5,0.53601454215,0.512047029278,0.559230415133,0.514892231037,0.582027318127,0.559230415133
2025-02-19,2025,1,0.5,0.53601454215,0.546649869942,0.541580687814,0.53049293316,0.563147651415,0.541580687814
2025-02-20,2025,0,0.5,0.53601454215,0.547391363508,0.541199258809,0.539707913442,0.551873699588,0.541199258809
2025-02-21,2025,0,0.5,0.53601454215,0.52754823665,0.551357000389,0.548060395877,0.541579651893,0.551357000389
2025-02-24,2025,0,0.5,0.53601454215,0.531995541201,0.549088848446,0.535190409418,0.557411651343,0.549088848446
2025-02-25,2025,0,0.5,0.53601454215,0.520555318541,0.554914720028,0.541850852568,0.549239357153,0.554914720028
2025-02-26,2025,1,0.5,0.53601454215,0.552140564074,0.538752470012,0.529908829685,0.563859260993,0.538752470012
2025-02-27,2025,0,0.5,0.53601454215,0.573142926261,0.527845743672,0.555046669234,0.532916140039,0.527845743672
2025-02-28,2025,1,0.5,0.53601454215,0.526593089867,0.551843552734,0.503400289551,0.595761541076,0.551843552734
2025-03-03,2025,0,0.5,0.53601454215,0.568807633001,0.530109525613,0.529140381924,0.564794903554,0.530109525613
2025-03-04,2025,0,0.5,0.53601454215,0.523484523045,0.553425699663,0.512801650959,0.58453693641,0.553425699663
2025-03-05,2025,1,0.5,0.53601454215,0.623905244034,0.500733544704,0.567353682176,0.517541053926,0.500733544704
2025-03-06,2025,0,0.5,0.53601454215,0.564907458447,0.532140337179,0.550942179797,0.538011807804,0.532140337179
2025-03-07,2025,1,0.5,0.53601454215,0.51040980895,0.560059381099,0.512539348251,0.584851469103,0.560059381099
2025-03-10,2025,0,0.5,0.53601454215,0.553972054275,0.537807094343,0.59401870862,0.483767270391,0.537807094343
2025-03-11,2025,0,0.5,0.53601454215,0.491549309803,0.5695800134,0.531775421725,0.561583935101,0.5695800134
2025-03-12,2025,1,0.5,0.53601454215,0.538704285406,0.545658480277,0.54375092185,0.546899670063,0.545658480277
2025-03-13,2025,0,0.5,0.53601454215,0.535959853514,0.547063122997,0.546667316915,0.543301430025,0.547063122997
2025-03-14,2025,1,0.5,0.53601454215,0.490350022604,0.570183868681,0.514936098546,0.581974605362,0.570183868681
2025-03-17,2025,1,0.5,0.53601454215,0.558215213335,0.535612878573,0.516632259609,0.579934792394,0.535612878573
2025-03-18,2025,0,0.5,0.53601454215,0.496372340153,0.567149911907,0.494894598673,0.605828839042,0.567149911907
2025-03-19,2025,1,0.5,0.53601454215,0.489972662762,0.570373841958,0.483715605495,0.618929781911,0.570373841958
2025-03-20,2025,0,0.5,0.53601454215,0.563663942413,0.532786721355,0.538921792685,0.552838909299,0.532786721355
2025-03-21,2025,1,0.5,0.53601454215,0.484432677361,0.573161183247,0.464157894238,0.641481706316,0.573161183247
2025-03-24,2025,1,0.5,0.53601454215,0.549033952909,0.540353741002,0.512174974161,0.585288269267,0.540353741002
2025-03-25,2025,1,0.5,0.53601454215,0.528923951281,0.550655856411,0.509047709366,0.589030969009,0.550655856411
2025-03-26,2025,0,0.5,0.53601454215,0.472196503428,0.579308681979,0.494024594552,0.60685377994,0.579308681979
2025-03-27,2025,0,0.5,0.53601454215,0.50164156065,0.564491675821,0.492525708961,0.608617491811,0.564491675821
2025-03-28,2025,0,0.5,0.53601454215,0.513224058899,0.558634171056,0.476537109711,0.627262507429,0.558634171056
2025-03-31,2025,1,0.5,0.53601454215,0.49428155358,0.56820369789,0.48138430967,0.621642856793,0.56820369789
2025-04-01,2025,1,0.5,0.53601454215,0.557450765651,0.536008608095,0.499512874672,0.600373163009,0.536008608095
2025-04-02,2025,1,0.5,0.53601454215,0.557399141936,0.536035325272,0.474656357207,0.629435161403,0.536035325272
2025-04-03,2025,0,0.5,0.53601454215,0.51475004559,0.557860793751,0.562227955517,0.523961814103,0.557860793751
2025-04-04,2025,0,0.5,0.53601454215,0.549139726427,0.54029926774,0.52605417892,0.568546229889,0.54029926774
2025-04-07,2025,0,0.5,0.53601454215,0.594070502204,0.516813661609,0.537483832175,0.554602810638,0.516813661609
2025-04-08,2025,0,0.5,0.53601454215,0.509603024892,0.560467710661,0.525730050847,0.568939618982,0.560467710661
2025-04-09,2025,1,0.5,0.53601454215,0.503223232909,0.563693007654,0.513666339836,0.583499522366,0.563693007654
2025-04-10,2025,0,0.5,0.53601454215,0.554674977341,0.537443988531,0.592078071453,0.486245193132,0.537443988531
2025-04-11,2025,1,0.5,0.53601454215,0.429191808445,0.60088912837,0.537908055325,0.554082651166,0.60088912837
2025-04-14,2025,1,0.5,0.53601454215,0.453931355095,0.588472343226,0.503342826575,0.595829836786,0.588472343226
2025-04-15,2025,0,0.5,0.53601454215,0.433436548652,0.598756589401,0.589973324643,0.488929280973,0.598756589401
2025-04-16,2025,0,0.5,0.53601454215,0.375236139676,0.628201881899,0.489819282055,0.611795314274,0.628201881899
2025-04-17,2025,1,0.5,0.53601454215,0.51848009929,0.55596859371,0.519878334174,0.576022148042,0.55596859371
2025-04-21,2025,0,0.5,0.53601454215,0.496683284163,0.566993145943,0.484180359963,0.618388125964,0.566993145943
2025-04-22,2025,1,0.5,0.53601454215,0.499188547032,0.565729639165,0.511160744425,0.586503307913,0.565729639165
2025-04-23,2025,1,0.5,0.53601454215,0.485971894084,0.57238704922,0.494061172752,0.606810705684,0.57238704922
2025-04-24,2025,1,0.5,0.53601454215,0.443143390985,0.593883930452,0.483583148418,0.619084108118,0.593883930452
2025-04-25,2025,1,0.5,0.53601454215,0.482738010368,0.574013257229,0.489035164109,0.612714369131,0.574013257229
2025-04-28,2025,1,0.5,0.53601454215,0.472620031286,0.579096061648,0.505187004411,0.593636099513,0.579096061648
2025-04-29,2025,1,0.5,0.53601454215,0.43150528811,0.599726687117,0.494385409741,0.606428816923,0.599726687117
2025-04-30,2025,1,0.5,0.53601454215,0.440629859435,0.595145247165,0.511946114955,0.585562542012,0.595145247165
2025-05-01,2025,1,0.5,0.53601454215,0.476633426565,0.577080742497,0.535987458743,0.556436094792,0.577080742497
2025-05-02,2025,1,0.5,0.53601454215,0.492733228969,0.568983741097,0.51955344604,0.576414274521,0.568983741097
2025-05-05,2025,0,0.5,0.53601454215,0.46364414507,0.58360046854,0.511184801701,0.586474500943,0.58360046854
2025-05-06,2025,0,0.5,0.53601454215,0.469994843106,0.580413818835,0.519151888418,0.576898777342,0.580413818835
2025-05-07,2025,1,0.5,0.53601454215,0.449198777191,0.590846094352,0.513656351822,0.583511510317,0.590846094352
2025-05-08,2025,1,0.5,0.53601454215,0.454583413734,0.588145297558,0.522364951018,0.573017070554,0.588145297558
2025-05-09,2025,0,0.5,0.53601454215,0.45743659219,0.58671425347,0.523846213068,0.571223756331,0.58671425347
2025-05-12,2025,1,0.5,0.53601454215,0.492826365601,0.568936826826,0.531112250478,0.56239274577,0.568936826826
2025-05-13,2025,1,0.5,0.53601454215,0.551425043766,0.539121531103,0.513433684175,0.583778734483,0.539121531103
2025-05-14,2025,1,0.5,0.53601454215,0.494982188294,0.567850626975,0.51273830205,0.584612906505,0.567850626975
2025-05-15,2025,1,0.5,0.53601454215,0.491818373723,0.569444515012,0.520759580304,0.574957936617,0.569444515012
2025-05-16,2025,1,0.5,0.53601454215,0.492090023174,0.569307706442,0.493379246274,0.60761347692,0.569307706442
2025-05-19,2025,1,0.5,0.53601454215,0.481293857697,0.574739183495,0.501517765968,0.597996962829,0.574739183495
2025-05-20,2025,0,0.5,0.53601454215,0.509595669713,0.560471432769,0.517174164166,0.579282420398,0.560471432769
2025-05-21,2025,0,0.5,0.53601454215,0.537168657328,0.546444671956,0.53471309711,0.55799554548,0.546444671956
2025-05-22,2025,0,0.5,0.53601454215,0.535943009085,0.547071738417,0.553899693605,0.534341740854,0.547071738417
2025-05-23,2025,0,0.5,0.53601454215,0.549968253039,0.539872464565,0.550859081848,0.538114803173,0.539872464565
2025-05-27,2025,1,0.5,0.53601454215,0.525612022014,0.552343102827,0.531095345058,0.56241335772,0.552343102827
2025-05-28,2025,0,0.5,0.53601454215,0.521699901616,0.554333094168,0.533671975348,0.559268318952,0.554333094168
2025-05-29,2025,1,0.5,0.53601454215,0.556514237781,0.536493164271,0.55167234887,0.537106512304,0.536493164271
2025-05-30,2025,0,0.5,0.53601454215,0.519698540957,0.555349925619,0.516232818713,0.580415450634,0.555349925619
2025-06-02,2025,1,0.5,0.53601454215,0.540031786272,0.544978356589,0.532623172606,0.560549333053,0.544978356589
2025-06-03,2025,1,0.5,0.53601454215,0.527222992437,0.551522702428,0.51992881904,0.575961204485,0.551522702428
2025-06-04,2025,0,0.5,0.53601454215,0.557546368203,0.535959128003,0.53890662387,0.552857527532,0.535959128003
2025-06-05,2025,0,0.5,0.53601454215,0.567989412327,0.530536015845,0.497741559497,0.602468621685,0.530536015845
2025-06-06,2025,1,0.5,0.53601454215,0.544838771934,0.542511678518,0.528406008265,0.56568847026,0.542511678518
2025-06-09,2025,1,0.5,0.53601454215,0.537793254938,0.546124970403,0.51681805093,0.579711164168,0.546124970403
2025-06-10,2025,1,0.5,0.53601454215,0.497697855114,0.566481553685,0.514557547811,0.582429414664,0.566481553685
2025-06-11,2025,0,0.5,0.53601454215,0.520320633276,0.555033944297,0.51890164256,0.577200623782,0.555033944297
2025-06-12,2025,1,0.5,0.53601454215,0.540837867956,0.544565150119,0.532938467548,0.560164351409,0.544565150119
2025-06-13,2025,0,0.5,0.53601454215,0.540478516581,0.544749378662,0.548791806919,0.540674891737,0.544749378662
2025-06-16,2025,1,0.5,0.53601454215,0.554361652389,0.537605860193,0.539153633698,0.552554317765,0.537605860193
2025-06-17,2025,0,0.5,0.53601454215,0.576329708115,0.526177221623,0.558997096626,0.527996409684,0.526177221623
2025-06-18,2025,1,0.5,0.53601454215,0.565796332274,0.531677971249,0.570124087183,0.514060704532,0.531677971249
2025-06-20,2025,0,0.5,0.53601454215,0.571697142391,0.528601462268,0.545109793761,0.54522415997,0.528601462268
2025-06-23,2025,1,0.5,0.53601454215,0.569997994317,0.529488631568,0.529646221914,0.564179076257,0.529488631568
2025-06-24,2025,1,0.5,0.53601454215,0.549137265139,0.540300535338,0.541392803307,0.549802836735,0.540300535338
2025-06-25,2025,0,0.5,0.53601454215,0.561930946882,0.533686663027,0.535383099724,0.557175866756,0.533686663027
2025-06-26,2025,1,0.5,0.53601454215,0.540283779625,0.544849200248,0.530166094144,0.563545881969,0.544849200248
2025-06-27,2025,1,0.5,0.53601454215,0.559367814239,0.535015859457,0.527510937943,0.566776789139,0.535015859457
2025-06-30,2025,1,0.5,0.53601454215,0.536045429758,0.54701935223,0.542453974731,0.548497087484,0.54701935223
2025-07-01,2025,0,0.5,0.53601454215,0.5433987118,0.543251290469,0.542109492607,0.548921091017,0.543251290469
2025-07-02,2025,1,0.5,0.53601454215,0.550297711598,0.539702693046,0.511596378597,0.58598156404,0.539702693046
2025-07-03,2025,1,0.5,0.53601454215,0.573669642723,0.527570232676,0.546726184697,0.543228711405,0.527570232676
2025-07-07,2025,0,0.5,0.53601454215,0.578575468603,0.524999051476,0.539632755984,0.551966006359,0.524999051476
2025-07-08,2025,0,0.5,0.53601454215,0.588878067337,0.519568008974,0.558820757686,0.528216333217,0.519568008974
2025-07-09,2025,1,0.5,0.53601454215,0.569667198009,0.529661226643,0.53645614971,0.555862127183,0.529661226643
2025-07-10,2025,1,0.5,0.53601454215,0.557349304321,0.536061117272,0.543735286739,0.546918937568,0.536061117272
2025-07-11,2025,0,0.5,0.53601454215,0.534694049277,0.547710349536,0.526887071512,0.567534842661,0.547710349536
2025-07-14,2025,1,0.5,0.53601454215,0.571187467998,0.528867687424,0.541321616317,0.549890389827,0.528867687424
2025-07-15,2025,0,0.5,0.53601454215,0.566047496983,0.531547273123,0.555364057035,0.532521427761,0.531547273123
2025-07-16,2025,1,0.5,0.53601454215,0.583647317622,0.522330889065,0.571244570997,0.512651123316,0.522330889065
2025-07-17,2025,1,0.5,0.53601454215,0.584079220101,0.522103193352,0.559205102205,0.527736954835,0.522103193352
2025-07-18,2025,0,0.5,0.53601454215,0.568171230164,0.530441265545,0.534773564288,0.557921589394,0.530441265545
2025-07-21,2025,1,0.5,0.53601454215,0.54983419341,0.539941536994,0.554319673202,0.533819886581,0.539941536994
2025-07-22,2025,1,0.5,0.53601454215,0.602604696543,0.512259880268,0.556520799931,0.531082051073,0.512259880268
2025-07-23,2025,1,0.5,0.53601454215,0.551965423173,0.538842820816,0.52444562244,0.570497394141,0.538842820816
2025-07-24,2025,0,0.5,0.53601454215,0.582454648014,0.522959256627,0.548170290997,0.541443744767,0.522959256627
2025-07-25,2025,1,0.5,0.53601454215,0.61314230934,0.506587848319,0.568914102041,0.515581613659,0.506587848319
2025-07-28,2025,1,0.5,0.53601454215,0.601199628519,0.513011986331,0.541208556544,0.550029431762,0.513011986331
2025-07-29,2025,0,0.5,0.53601454215,0.577009797918,0.525820640234,0.563804852442,0.52198909046,0.525820640234
2025-07-30,2025,0,0.5,0.53601454215,0.55105266015,0.539313543869,0.548067987303,0.541570263972,0.539313543869
2025-07-31,2025,0,0.5,0.53601454215,0.634933968583,0.49466496578,0.572627842179,0.510909407689,0.49466496578
2025-08-01,2025,0,0.5,0.53601454215,0.590364453817,0.51878076465,0.548557192931,0.54096516847,0.51878076465
2025-08-04,2025,1,0.5,0.53601454215,0.560040026603,0.534667470754,0.546461622043,0.543555495122,0.534667470754
2025-08-05,2025,0,0.5,0.53601454215,0.597779438952,0.514838798624,0.55556983138,0.53226546929,0.514838798624
2025-08-06,2025,1,0.5,0.53601454215,0.541347587586,0.544303774024,0.548028211563,0.541619451916,0.544303774024
2025-08-07,2025,0,0.5,0.53601454215,0.561796481276,0.533756448613,0.564442498978,0.521190729753,0.533756448613
2025-08-08,2025,1,0.5,0.53601454215,0.554041931115,0.537771005182,0.541140301507,0.550113366119,0.537771005182
2025-08-11,2025,0,0.5,0.53601454215,0.51962631098,0.555386608696,0.518187162584,0.578062048905,0.555386608696
2025-08-12,2025,1,0.5,0.53601454215,0.552291622793,0.538674535197,0.548269109559,0.541321525776,0.538674535197
2025-08-13,2025,1,0.5,0.53601454215,0.531019397184,0.549587075364,0.541502380649,0.549668057146,0.549587075364
2025-08-14,2025,0,0.5,0.53601454215,0.55644734477,0.536527763857,0.550382224209,0.538705711172,0.536527763857
2025-08-15,2025,0,0.5,0.53601454215,0.546058899904,0.541884575376,0.540024772289,0.551484476702,0.541884575376
2025-08-18,2025,1,0.5,0.53601454215,0.598563666013,0.514420411641,0.596740730242,0.48028666201,0.514420411641
2025-08-19,2025,0,0.5,0.53601454215,0.535121718641,0.547491719065,0.535269283919,0.55731514161,0.547491719065
2025-08-20,2025,0,0.5,0.53601454215,0.486969613094,0.571885138959,0.531068169352,0.562446491091,0.571885138959
2025-08-21,2025,0,0.5,0.53601454215,0.602289283695,0.512428798048,0.552861063357,0.535631578262,0.512428798048
2025-08-22,2025,1,0.5,0.53601454215,0.57050404131,0.529224521532,0.535972416625,0.556454511865,0.529224521532
2025-08-25,2025,0,0.5,0.53601454215,0.528729262187,0.550755106918,0.54100005472,0.550285815017,0.550755106918
2025-08-26,2025,1,0.5,0.53601454215,0.556312127709,0.536597698912,0.545655426624,0.544550863952,0.536597698912
2025-08-27,2025,1,0.5,0.53601454215,0.577192317459,0.525724911983,0.54660221028,0.543381851394,0.525724911983
2025-08-28,2025,1,0.5,0.53601454215,0.547831772664,0.540972635535,0.538068825479,0.553885474936,0.540972635535
2025-08-29,2025,0,0.5,0.53601454215,0.528272907668,0.550987718522,0.553425194151,0.534931134443,0.550987718522
2025-09-02,2025,0,0.5,0.53601454215,0.557649685964,0.535905651548,0.542856018946,0.548002081778,0.535905651548
2025-09-03,2025,1,0.5,0.53601454215,0.560274721282,0.534545800321,0.560876240471,0.525650986373,0.534545800321
2025-09-04,2025,1,0.5,0.53601454215,0.565094050325,0.532043300243,0.562191768191,0.524007057882,0.532043300243
2025-09-05,2025,0,0.5,0.53601454215,0.543456182821,0.54322178432,0.539979644335,0.551539917236,0.54322178432
2025-09-08,2025,1,0.5,0.53601454215,0.573839827739,0.527481191287,0.567531963671,0.51731729525,0.527481191287
2025-09-09,2025,1,0.5,0.53601454215,0.562592585353,0.533343194668,0.558333227627,0.528824209668,0.533343194668
2025-09-10,2025,1,0.5,0.53601454215,0.557674491682,0.535892811798,0.545130563066,0.545198536685,0.535892811798
2025-09-11,2025,1,0.5,0.53601454215,0.547373971237,0.541208207292,0.530809265667,0.562762114403,0.541208207292
2025-09-12,2025,0,0.5,0.53601454215,0.535210591538,0.54744628041,0.523421144282,0.57173861696,0.54744628041
2025-09-15,2025,1,0.5,0.53601454215,0.516723931395,0.556859794169,0.5348590936,0.557816973837,0.556859794169
2025-09-16,2025,0,0.5,0.53601454215,0.576912550727,0.525871639376,0.544929468268,0.545446611005,0.525871639376
2025-09-17,2025,0,0.5,0.53601454215,0.545477173685,0.542183613998,0.539999481016,0.55151554776,0.542183613998
2025-09-18,2025,1,0.5,0.53601454215,0.489914867957,0.570402936119,0.524950396211,0.569885409187,0.570402936119
2025-09-19,2025,1,0.5,0.53601454215,0.558418286816,0.53550772259,0.56020627844,0.526487570349,0.53550772259
2025-09-22,2025,1,0.5,0.53601454215,0.544504034833,0.542683649552,0.550871823316,0.538099011259,0.542683649552
2025-09-23,2025,0,0.5,0.53601454215,0.588501951317,0.519767061685,0.53943940671,0.552203447146,0.519767061685
2025-09-24,2025,0,0.5,0.53601454215,0.494815340359,0.567934711985,0.525640455374,0.569048339603,0.567934711985
2025-09-25,2025,0,0.5,0.53601454215,0.474818800135,0.577992072481,0.532092294353,0.561197309867,0.577992072481
2025-09-26,2025,1,0.5,0.53601454215,0.547512354468,0.541137005472,0.590374794467,0.488417578287,0.541137005472
2025-09-29,2025,1,0.5,0.53601454215,0.515130785514,0.557667767878,0.527424402909,0.566881961885,0.557667767878
2025-09-30,2025,1,0.5,0.53601454215,0.563568514881,0.532836303121,0.551464870233,0.537363806441,0.532836303121
2025-10-01,2025,1,0.5,0.53601454215,0.556982395744,0.536250975768,0.552787572764,0.535722803893,0.536250975768
2025-10-02,2025,1,0.5,0.53601454215,0.548876465055,0.540434841085,0.551012748181,0.53792433683,0.540434841085
2025-10-03,2025,1,0.5,0.53601454215,0.532225768473,0.548971307273,0.533849356254,0.559051550655,0.548971307273
2025-10-06,2025,1,0.5,0.53601454215,0.514824440312,0.5578230795,0.511920999789,0.585592637297,0.5578230795
2025-10-07,2025,0,0.5,0.53601454215,0.53925863848,0.545374521739,0.50979071751,0.588142742644,0.545374521739
2025-10-08,2025,1,0.5,0.53601454215,0.526681255605,0.551798649405,0.543143032772,0.547648603834,0.551798649405
2025-10-09,2025,0,0.5,0.53601454215,0.567456613898,0.530813604259,0.566896666249,0.518114516222,0.530813604259
2025-10-10,2025,0,0.5,0.53601454215,0.527194169789,0.551537385569,0.559115710546,0.527848462145,0.551537385569
2025-10-13,2025,1,0.5,0.53601454215,0.541806929201,0.544068172055,0.571801410712,0.511950195478,0.544068172055
2025-10-14,2025,0,0.5,0.53601454215,0.543311737348,0.543295942243,0.555282677051,0.53262264341,0.543295942243
2025-10-15,2025,1,0.5,0.53601454215,0.465194147915,0.582822836767,0.534719257554,0.557988010949,0.582822836767
2025-10-16,2025,0,0.5,0.53601454215,0.549692922577,0.540014319204,0.553691089875,0.534600882254,0.540014319204
2025-10-17,2025,1,0.5,0.53601454215,0.602487449942,0.512322676753,0.570429301372,0.513676853068,0.512322676753
2025-10-20,2025,1,0.5,0.53601454215,0.487601232465,0.571567348663,0.525075711192,0.569733435287,0.571567348663
2025-10-21,2025,0,0.5,0.53601454215,0.516408947721,0.557019577228,0.540408560337,0.55101290167,0.557019577228
2025-10-22,2025,0,0.5,0.53601454215,0.506786845756,0.561892205993,0.577138073611,0.505218732834,0.561892205993
2025-10-23,2025,1,0.5,0.53601454215,0.538274200015,0.545878730416,0.54931491523,0.540027478736,0.545878730416
2025-10-24,2025,1,0.5,0.53601454215,0.575636569197,0.526540461438,0.561473604002,0.524904701148,0.526540461438
2025-10-27,2025,1,0.5,0.53601454215,0.481480217322,0.57464551634,0.516772282521,0.579766256996,0.57464551634
2025-10-28,2025,1,0.5,0.53601454215,0.549336974299,0.540197676587,0.549004951245,0.540411131194,0.540197676587
2025-10-29,2025,0,0.5,0.53601454215,0.540887350682,0.544539779169,0.54115496437,0.550095335353,0.544539779169
2025-10-30,2025,0,0.5,0.53601454215,0.520352633408,0.555017688305,0.572144763412,0.511517859064,0.555017688305
2025-10-31,2025,1,0.5,0.53601454215,0.492366678365,0.569168368413,0.517644261742,0.578716229438,0.569168368413
2025-11-03,2025,1,0.5,0.53601454215,0.519219251928,0.555593320697,0.560346625209,0.526312353778,0.555593320697
2025-11-04,2025,0,0.5,0.53601454215,0.508278882828,0.561137653972,0.533100707558,0.559966212262,0.561137653972
2025-11-05,2025,1,0.5,0.53601454215,0.529547358299,0.550337992459,0.540368484735,0.551062151139,0.550337992459
2025-11-06,2025,0,0.5,0.53601454215,0.559658139523,0.534865410142,0.569016409363,0.515453067982,0.534865410142
2025-11-07,2025,1,0.5,0.53601454215,0.471079839659,0.579869227693,0.539201306802,0.552495790806,0.579869227693
2025-11-10,2025,1,0.5,0.53601454215,0.530475629045,0.549864520468,0.556215198534,0.531462446591,0.549864520468
2025-11-11,2025,1,0.5,0.53601454215,0.573914916307,0.527441901223,0.561584301195,0.524766370633,0.527441901223
2025-11-12,2025,1,0.5,0.53601454215,0.49858642705,0.566033387321,0.535490145381,0.557044864119,0.566033387321
2025-11-13,2025,0,0.5,0.53601454215,0.537678251746,0.546183842416,0.569339625817,0.515046895428,0.546183842416
2025-11-14,2025,0,0.5,0.53601454215,0.499761626833,0.565440496001,0.522886515826,0.572385901891,0.565440496001
2025-11-17,2025,0,0.5,0.53601454215,0.521239819594,0.554566918797,0.542843422541,0.548017593236,0.554566918797
2025-11-18,2025,0,0.5,0.53601454215,0.545889081879,0.541971880765,0.560191858618,0.526505571791,0.541971880765
2025-11-19,2025,1,0.5,0.53601454215,0.519340318431,0.555531844295,0.531072689887,0.562440979584,0.555531844295
2025-11-20,2025,0,0.5,0.53601454215,0.545771967524,0.542032085893,0.546635992604,0.543340123137,0.542032085893
2025-11-21,2025,1,0.5,0.53601454215,0.519706352046,0.555345958579,0.530505916681,0.563131829559,0.555345958579
2025-11-24,2025,1,0.5,0.53601454215,0.533231689478,0.548457593445,0.529590489197,0.564246940568,0.548457593445
2025-11-25,2025,1,0.5,0.53601454215,0.527755892922,0.551251193642,0.558119576981,0.52909052872,0.551251193642
2025-11-26,2025,1,0.5,0.53601454215,0.538728531479,0.545646062262,0.542780240348,0.548095394591,0.545646062262
2025-11-28,2025,1,0.5,0.53601454215,0.529615355891,0.550303316401,0.555547280335,0.532293522057,0.550303316401
2025-12-01,2025,0,0.5,0.53601454215,0.489615172349,0.570553798605,0.506994496423,0.591482206852,0.570553798605
2025-12-02,2025,1,0.5,0.53601454215,0.526521951836,0.55187978252,0.546940247142,0.542964253662,0.55187978252
2025-12-03,2025,1,0.5,0.53601454215,0.51381332768,0.558335575939,0.545121352669,0.545209899691,0.558335575939
2025-12-04,2025,1,0.5,0.53601454215,0.559978164435,0.534699538338,0.549735529631,0.539506719047,0.534699538338
2025-12-05,2025,1,0.5,0.53601454215,0.581482270506,0.52347113163,0.565738084451,0.519567446828,0.52347113163
2025-12-08,2025,0,0.5,0.53601454215,0.550690893702,0.539500042658,0.55094256673,0.538011328205,0.539500042658
2025-12-09,2025,0,0.5,0.53601454215,0.560295872203,0.534534834371,0.58663764849,0.493175802703,0.534534834371
2025-12-10,2025,1,0.5,0.53601454215,0.512403334364,0.559049948217,0.553884626285,0.534360459891,0.559049948217
2025-12-11,2025,1,0.5,0.53601454215,0.506858514011,0.561855969991,0.541775359484,0.549332241363,0.561855969991
2025-12-12,2025,0,0.5,0.53601454215,0.560640005122,0.534356393851,0.549212760463,0.540153929481,0.534356393851
2025-12-15,2025,0,0.5,0.53601454215,0.542145049333,0.543894710197,0.552961474578,0.53550692692,0.543894710197
2025-12-16,2025,0,0.5,0.53601454215,0.546041532666,0.541893504443,0.56343515651,0.522451793268,0.541893504443
2025-12-17,2025,0,0.5,0.53601454215,0.600555764857,0.513356316025,0.58106518705,0.500249439184,0.513356316025
2025-12-18,2025,1,0.5,0.53601454215,0.532740744513,0.548708344093,0.547248152233,0.542583780442,0.548708344093
2025-12-19,2025,1,0.5,0.53601454215,0.60001954258,0.513642929016,0.566261410003,0.518911317449,0.513642929016
2025-12-22,2025,1,0.5,0.53601454215,0.593133454609,0.517311608983,0.556334003148,0.531314575883,0.517311608983
2025-12-23,2025,1,0.5,0.53601454215,0.54588939136,0.541971721664,0.559198080992,0.527745713381,0.541971721664
2025-12-24,2025,1,0.5,0.53601454215,0.535649675712,0.54722175841,0.540643807559,0.55072376994,0.54722175841
2025-12-26,2025,0,0.5,0.53601454215,0.527437880709,0.551413225994,0.502688648946,0.596607068639,0.551413225994
2025-12-29,2025,0,0.5,0.53601454215,0.517818453015,0.556304427183,0.511721620661,0.58583152634,0.556304427183
2025-12-30,2025,0,0.5,0.53601454215,0.520218436298,0.555085858764,0.547840866055,0.541851108205,0.555085858764
2025-12-31,2025,0,0.5,0.53601454215,0.543058179425,0.543426104528,0.571391302595,0.512466450199,0.543426104528
